color name,hex,primary color
Acid green,#B0BF1A,green
Aero,#7CB9E8,light blue
Aero blue,#C9FFE5,light green
African violet,#B284BE,light mauve
Air Force blue (RAF),#5D8AA8,blue
Air Force blue (USAF),#00308F,dark blue
Air superiority blue,#72A0C1,light blue
Alabama crimson,#AF002A,red
Alabaster[citation needed],#F2F0E6,white
Alice blue,#F0F8FF,light blue
Alizarin crimson,#E32636,red
Alloy orange,#C46210,orange
Almond,#EFDECD,light brown
Amaranth,#E52B50,red
Amaranth deep purple,#9F2B68,mauve
Amaranth pink,#F19CBB,pink
Amaranth purple,#AB274F,mauve
Amaranth red,#D3212D,red
Amazon,#3B7A57,green
Amber,#FFBF00,yellow
Amber (SAE/ECE),#FF7E00,orange
American blue,#3B3B6D,blue
American bronze,#391802,dark brown
American brown,#804040,brown
American gold,#D3AF37,yellow
American green,#34B334,green
American orange,#FF8B00,orange
American pink,#FF9899,pink
American purple,#431C53,mauve
American red,#B32134,red
American rose,#FF033E,red
American silver,#CFCFCF,white
American violet,#551B8C,mauve
American yellow,#F2B400,yellow
Amethyst,#9966CC,light mauve
Android green (2008-2014),#A4C639,green
Android green,#79C257,green
Anti-flash white,#F2F3F4,white
Antique brass,#CD9575,light brown
Antique bronze,#665D1E,brown
Antique fuchsia,#915C83,mauve
Antique ruby,#841B2D,red
Antique white,#FAEBD7,white
Ao (English),#008000,dark green
Apple,#66B447,light green
Apple green,#8DB600,green
Apricot,#FBCEB1,light red
Aqua,#00FFFF,cyan
Aquamarine,#7FFFD4,cyan
Arctic lime,#D0FF14,yellow
Argent,#C0C0C0,gray
Army green,#4B5320,dark green
Arsenic,#3B444B,black
Artichoke,#8F9779,gray
Arylide yellow,#E9D66B,yellow
Asda Green,#7DC242,green
Asda Green (2002),#32AD61,green
Asda Green (1999),#66C992,green
Asda Green (1994),#80C197,green
Asda Green (1985),#00DEA4,green
Asda Orange,#C86500,orange
Asda Orange (1968),#CA7309,orange
Ash gray,#B2BEB5,gray
Asparagus,#87A96B,green
Ateneo blue,#003A6C,blue
Atomic tangerine,#FF9966,light red
Auburn,#A52A2A,red
Aureolin,#FDEE00,yellow
AuroMetalSaurus,#6E7F80,gray
Avocado,#568203,green
Awesome,#FF2052,pink
Axolotl,#63775B,light green
Azure,#007FFF,blue
Azure (web color),#F0FFFF,blue
Azureish white,#DBE9F4,white
Baby blue,#89CFF0,light blue
Baby blue eyes,#A1CAF1,light blue
Baby pink,#F4C2C2,light pink
Baby powder,#FEFEFA,white
Baker-Miller pink,#FF91AF,pink
Ball blue,#21ABCD,cyan
Banana Mania,#FAE7B5,light yellow
Banana yellow,#FFE135,yellow
Bangladesh green,#006A4E,green
Barbie Pink (1959-1975),#E85395,pink
Barbie Pink (1975-1990),#D3419D,pink
Barbie Pink (1990-1999),#F364A2,pink
Barbie Pink (1999-2004),#F7238A,pink
Barbie Pink (2004-2005),#FF3988,pink
Barbie Pink (2005-2009),#FC419A,pink
Barbie Pink,#E94196,pink
Barbie Pink (Pantone),#E0218A,pink
Barn red,#7C0A02,red
Battery charged blue,#1DACD6,blue
Battleship gray,#848482,gray
Batorange,#C3540A,orange
Bayside,#5FC9BF,cyan
Bazaar,#98777B,light brown
Beau blue,#BCD4E6,blue
Beaver,#9F8170,brown
Beer,#F28E1C,orange
Begonia,#FA6E79,pink
Beige,#F5F5DC,white
B'dazzled blue,#2E5894,blue
Big dip o’ruby,#9C2542,dark pink
Big Foot Feet,#E88E5A,orange
Bisque,#FFE4C4,light brown
Bistre,#3D2B1F,dark brown
Bistre brown,#967117,brown
Bitter lemon,#CAE00D,green
Bitter lime,#BFFF00,light green
Bittersweet,#FE6F5E,pink
Bittersweet shimmer,#BF4F51,red
Black,#000000,black
Black bean,#3D0C02,black
Black chocolate,#1B1811,black
Black coffee,#3B2F2F,black
Black coral,#54626F,gray
Black leather jacket,#253529,dark green
Black green,#3B3C36,gray
Blackberry,#8F5973,light mauve
Black raspberry,#16110D,black
Black Shadows,#BFAFB2,black
Blanched almond,#FFEBCD,light brown
Blast-off bronze,#A57164,brown
Bleu de France,#318CE7,blue
Blizzard blue,#ACE5EE,blue
Blond,#FAF0BE,light yellow
Blood,#8A0303,red
Blood orange,#D1001C,red
Blood red,#660000,red
Blood (Animal),#A41313,red
Blood (organ),#630F0F,red
Blue,#0000FF,blue
Blue (Crayola),#1F75FE,blue
Blue (Munsell),#0093AF,blue
Blue (NCS),#0087BD,blue
Blue (Pantone),#0018A8,blue
Blue (pigment),#333399,blue
Blue (RYB),#0247FE,blue
Blue bell,#A2A2D0,blue
Blue bolt,#00B9FB,blue
Blue cola,#0088DC,blue
Blue-gray,#6699CC,light blue
Blue-green,#0D98BA,dark cyan
Blue-green (color wheel),#064E40,dark cyan
Blue jeans,#5DADEC,blue
Blue-magenta violet,#553592,mauve
Blue raspberry,#0CBFE9,blue
Blue sapphire,#126180,blue
Blue-violet,#8A2BE2,mauve
Blue-violet (Crayola),#7366BD,mauve
Blue-violet (color wheel),#4D1A7F,mauve
Blue yonder,#5072A7,blue
Blueberry,#4F86F7,blue
Bluebonnet,#1C1CF0,blue
Blush,#DE5D83,pink
Bole,#79443B,brown
Nicole and Bri Blue,#0095B6,dark cyan
Bone,#E3DAC9,white
Bored accent green,#DDE26A,yellow
Boston University red,#CC0000,red
Boysenberry,#873260,mauve
Boy red,#0E9CA5,red
Brandeis blue,#0070FF,blue
Brandy,#87413F,brown
Brass,#B5A642,green
Brave orange,#FF631C,orange
Brick red,#CB4154,red
Bright gray,#EBECF0,white
Bright green,#66FF00,green
Bright lavender,#BF94E4,mauve
Bright lilac,#D891EF,cyan
Bright maroon,#C32148,red
Bright navy blue,#1974D2,blue
Bright pink,#FF007F,pink
Bright turquoise,#08E8DE,cyan
Bright ube,#D19FE8,light mauve
Bright yellow (Crayola),#FFAA1D,yellow
Brilliant azure,#3399FF,blue
Brilliant lavender,#F4BBFF,light mauve
Brilliant rose,#FF55A3,light red
Brink pink,#FB607F,pink
British racing green,#004225,green
Bronze,#88540B,dark brown
Bronze,#CD7F32,dark brown
Bronze (metallic),#B08D57,dark brown
Bronze yellow,#737000,green
Brown,#993300,brown
Brown (Crayola),#AF593E,brown
Brown (traditional),#964B00,brown
Brown-nose,#6B4423,brown
Brown sugar,#AF6E4D,brown
Brown Chocolate,#5F1933,brown
Brown Coffee,#4A2C2A,brown
Brown Yellow,#CC9966,light brown
Brunswick green,#1B4D3E,green
Bubble gum,#FFC1CC,pink
Bubbles,#E7FEFF,light cyan
Bud green,#7BB661,green
Buff,#F0DC82,yellow
Bulgarian rose,#480607,red
Burgundy,#800020,red
Burlywood,#DEB887,light brown
Burnished brown,#A17A74,brown
Burnt orange,#CC5500,orange
Burnt sienna,#E97451,orange
Burnt umber,#8A3324,red
Button blue,#24A0ED,blue
Byzantine,#BD33A4,pink
Byzantium,#702963,mauve
Cadet,#536872,dark gray
Cadet blue,#5F9EA0,blue
Cadet blue (Crayola),#A9B2C3,blue
Cadet gray,#91A3B0,gray
Cadmium blue,#0A1195,blue
Cadmium green,#006B3C,green
Cadmium orange,#ED872D,orange
Cadmium purple,#B60C26,mauve
Cadmium red,#E30022,red
Cadmium yellow,#FFF600,yellow
Cadmium violet,#7F3E98,mauve
Café au lait,#A67B5B,brown
Café noir,#4B3621,dark brown
Cal Poly Pomona green,#1E4D2B,green
Calamansi,#FCFFA4,yellow
Cambridge blue,#A3C1AD,blue
Camel,#C19A6B,light brown
Cameo pink,#EFBBCC,pink
Camouflage green,#78866B,green
Canary,#FFFF99,yellow
Canary yellow,#FFEF00,yellow
Candy apple red,#FF0800,red
Candy pink,#E4717A,pink
Capri,#00BFFF,cyan
Caput mortuum,#592720,red
Caramel,#FFD59A,light brown
Cardinal,#C41E3A,red
Caribbean green,#00CC99,green
Caribbean blue,#1AC1DD,blue
Carmine,#960018,red
Carmine (M&P),#D70040,red
Carmine pink,#EB4C42,red
Carmine red,#FF0038,red
Carnation pink,#FFA6C9,red
Carnelian,#B31B1B,red
Carolina blue,#56A0D3,blue
Carrot orange,#ED9121,orange
Castleton green,#00563F,green
Catalina blue,#062A78,blue
Catawba,#703642,dark red
Cedar Chest,#C95A49,brown
Ceil,#92A1CF,light  blue
Celadon,#ACE1AF,light green
Celadon blue,#007BA7,light blue
Celadon green,#2F847C,light green
Celeste,#B2FFFF,light cyan
Celestial blue,#4997D0,blue
Celtic blue,#246BCE,blue
Cerise,#DE3163,pink
Cerise pink,#EC3B83,pink
Cerulean blue,#2A52BE,blue
Cetacean blue,#001440,blue
Cerulean frost,#6D9BC3,light blue
CG blue,#007AA5,blue
CG red,#E03C31,red
Chamoisee,#A0785A,brown
Champagne,#F7E7CE,brown
Champagne pink,#F1DDCF,pink
Charcoal,#36454F,dark blue
Charleston green,#232B2B,green
Charm,#D0748B,pink
Charm pink,#E68FAC,pink
Chartreuse (traditional),#DFFF00,yellow
Chartreuse (web),#7FFF00,yellow
Cheese,#FFA600,orange
Cherry blossom pink,#FFB7C5,pink
Chestnut,#954535,dark red
Chickadee,#FFC34D,orange
China pink,#DE6FA1,pink
China rose,#A8516E,dark pink
Chinese black,#141414,black
Chinese blue,#365194,blue
Chinese bronze,#CD8032,brown
Chinese brown,#AB381F,brown
Chinese green,#D0DB61,green
Chinese gold,#CC9900,yellow
Chinese orange,#F37042,orange
Chinese pink,#DE70A1,pink
Chinese purple,#720B98,mauve
Chinese red,#CD071E,red
Chinese red,#AA381E,red
Chinese silver,#CCCCCC,white
Chinese violet,#856088,mauve
Chinese white,#E2E5DE,white
Chinese yellow,#FFB200,yellow
Chlorophyll green,#4AFF00,green
Chocolate brown,#3F000F,brown
Chocolate cosmos,#58111A,red
Chocolate Kisses,#3C1421,red
Chocolate (traditional),#7B3F00,dark brown
Chocolate (web),#D2691E,dark brown
Chrome yellow,#FFA700,orange
Christmas blue,#2A8FBD,blue
Christmas brown,#5D2B2C,brown
Christmas brown,#4C1F02,brown
Christmas green,#3C8D0D,green
Christmas green,#007502,green
Christmas gold,#CAA906,yellow
Christmas orange,#FF6600,orange
Christmas orange,#D56C2B,orange
Christmas pink,#FFCCCB,pink
Christmas pink,#E34285,pink
Christmas purple,#663398,mauve
Christmas purple,#4D084B,mauve
Christmas red,#AA0114,red
Christmas red,#B01B2E,red
Christmas silver,#E1DFE0,white
Christmas yellow,#FFCC00,yellow
Christmas yellow,#FEF200,yellow
Cinereous,#98817B,gray
Cinnabar,#E34234,red
Cinnamon Satin,#CD607E,pink
Citrine,#E4D00A,yellow
Citrine Brown,#933709,dark orange
Citron,#9FA91F,yellow green
Claret,#7F1734,red
Classic rose,#FBCCE7,light pink
Cobalt blue,#0047AB,blue
Coconut,#965A3E,white
Coconut White,#E9EDF6,white
Coffee,#6F4E37,brown
Cola,#3C3024,dark brown
Columbia Blue,#C4D8E2,blue
Conditioner,#FFFFCC,light yellow
Congo pink,#F88379,pink
Cool black,#002E63,black
Cool gray,#8C92AC,gray
Cookies and cream,#EEE0B1,light brown
Copper,#B87333,orange
Copper (Crayola),#DA8A67,orange
Copper penny,#AD6F69,orange
Copper red,#CB6D51,red
Copper rose,#996666,red
Coquelicot,#FF3800,red
Coral,#FF7F50,orange
Coral red,#FF4040,red
Coral reef,#FD7C6E,light red
Coral Reef (Valspar Paint Color),#F6A494,light red
Cordovan,#893F45,dark pink
Corn,#FBEC5D,yellow
Cornflower blue,#6495ED,blue
Cornflower,#93CCEA,light blue
Cornsilk,#FFF8DC,white
Cosmic cobalt,#2E2D88,blue
Cosmic latte,#FFF8E7,white
Coyote brown,#81613C,brown
Cotton candy,#FFBCD9,pink
Cream,#FFFDD0,light yellow
Crimson,#DC143C,red
Crimson glory,#BE0032,red
Crimson red,#990000,red
Crystal,#A7D8DE,blue
Crystal blue,#68A0B0,blue
Cultured,#F5F5F5,white
Cyan azure,#4E82B4,blue
Cyan-blue azure,#4682BF,blue
Cyan cobalt blue,#28589C,blue
Cyan cornflower blue,#188BC2,blue
Cyan (process),#00B7EB,blue
Cyber grape,#58427C,mauve
Cyber yellow,#FFD300,yellow
Cyclamen,#F56FA1,pink
Daffodil,#FFFF31,yellow
Dandelion,#F0E130,yellow
Dandelion (Crayola),#FDDB6D,yellow
Dark blue,#00008B,dark blue
Dark blue-gray,#666699,dark blue
Dark bronze,#804A00,dark brown
Dark bronze (Coin),#514100,dark brown
Dark brown,#654321,dark brown
Dark brown-tangelo,#88654E,dark brown
Dark byzantium,#5D3954,dark mauve
Dark candy apple red,#A40000,dark red
Dark cerulean,#08457E,blue
Dark charcoal,#333333,black
Dark chestnut,#986960,brown
Dark chocolate,#490206,dark brown
Dark chocolate (Hershey's),#3C1321,dark brown
Dark cornflower blue,#26428B,dark blue
Dark coral,#CD5B45,dark blue
Dark cyan,#008B8B,dark cyan
Dark electric blue,#536878,dark blue
Dark gold,#AA6C39,dark yellow
Dark goldenrod,#B8860B,dark yellow
Dark gray (X11),#A9A9A9,dark gray
Dark green,#013220,dark green
Dark green (X11),#006400,dark green
Dark gunmetal,#1F262A,black
Dark imperial blue,#00416A,dark blue
Dark imperial blue,#00147E,dark blue
Dark jungle green,#1A2421,dark green
Dark khaki,#BDB76B,dark yellow
Dark lava,#483C32,dark red
Dark lavender,#734F96,dark mauve
Dark lemon lime,#8BBE1B,dark green
Dark liver,#534B4F,dark gray
Dark liver (horses),#543D37,dark gray
Dark magenta,#8B008B,dark mauve
Dark midnight blue,#003366,dark blue
Dark moss green,#4A5D23,dark green
Dark Navy,#02075D,dark blue
Dark green green,#556B2F,dark green
Dark orange,#FF8C00,dark orange
Dark orchid,#9932CC,mauve
Dark pastel blue,#779ECB,dark blue
Dark pastel green,#03C03C,dark green
Dark pastel purple,#966FD6,dark mauve
Dark pastel red,#C23B22,dark red
Dark pink,#E75480,dark pink
Dark powder blue,#003399,dark blue
Dark puce,#4F3A3C,dark brown
Dark purple,#301934,dark mauve
Dark raspberry,#872657,dark pink
Dark red,#8B0000,dark red
Dark salmon,#E9967A,light green
Dark scarlet,#560319,dark red
Dark sea green,#8FBC8F,dark green
Dark sienna,#3C1414,dark red
Dark silver,#71706E,dark gray
Dark sky blue,#8CBED6,dark blue
Dark slate blue,#483D8B,dark blue
Dark slate gray,#2F4F4F,dark gray
Dark spring green,#177245,dark green
Dark tan,#918151,dark yellow
Dark tangerine,#FFA812,dark orange
Dark terra cotta,#CC4E5C,dark pink
Dark turquoise,#00CED1,dark cyan
Dark vanilla,#D1BEA8,gray
Dark violet,#9400D3,dark mauve
Dark yellow,#9B870C,dark yellow
Dartmouth green,#00703C,green
Davy's gray,#555555,gray
Debian red,#D70A53,red
Deep amethyst,#9C8AA4,mauve
Deep aquamarine,#40826D,blue
Deep carmine,#A9203E,pink
Deep carmine pink,#EF3038,pink
Deep carrot orange,#E9692C,orange
Deep cerise,#DA3287,dark pink
Deep champagne,#FAD6A5,light brown
Deep chestnut,#B94E48,red
Deep coffee,#704241,dark brown
Deep dumpling,#9B351B,dark orange
Deep fuchsia,#C154C1,mauve
Deep green,#056608,green
Deep green-cyan turquoise,#0E7C61,green
Deep jungle green,#004B49,green
Deep koamaru,#333366,blue
Deep lemon,#F5C71A,yellow
Deep lilac,#9955BB,blue
Deep magenta,#CC00CC,mauve
Deep maroon,#820000,dark red
Deep mauve,#D473D4,mauve
Deep moss green,#355E3B,green
Deep peach,#FFCBA4,light orange
Deep pink,#FF1493,pink
Deep puce,#A95C68,dark pink
Deep red,#850101,red
Deep ruby,#843F5B,dark pink
Deep saffron,#FF9933,orange
Deep Space Sparkle,#4A646C,dark cyan
Deep taupe,#7E5E60,brown
Deep Tuscan red,#66424D,red
Deep violet,#330066,mauve
Deer,#BA8759,orange
Denim,#1560BD,blue
Denim blue,#2243B6,blue
Desaturated cyan,#669999,cyan
Desert sand,#EDC9AF,yellow
Desire,#EA3C53,red
Diamond,#B9F2FF,cyan
Dim gray,#696969,gray
Dingy Dungeon,#C53151,dak pink
Dirt,#9B7653,brown
Dirty brown,#B5651E,brown
Dirty white,#E8E4C9,white
Dodger blue,#1E90FF,blue
Dodie yellow,#FEF65B,yellow
Dogwood rose,#D71868,pink
Dollar bill,#85BB65,green
Dolphin gray,#828E84,gray
Douban Blue,#2496CD,blue
Douban Green,#2E963D,green
Douban Light Yellow,#F7C58E,yellow
Duke blue,#00009C,blue
Durian,#B07939,white
Durian White,#E6D0AB,white
Durian Yellow,#E1BD27,yellow
Dust storm,#E5CCC9,light red
Dutch white,#EFDFBB,white
Earthtone,#5D3A1A,dark orange
Earth yellow,#E1A95F,yellow
Ebony,#555D50,green
Ecru,#C2B280,light brown
Eerie black,#1B1B1B,black
Eggplant,#614051,mauve
Eggshell,#F0EAD6,white
Egyptian blue,#1034A6,blue
Elderberry,#17182B,dark blue
Electric blue,#7DF9FF,blue
Electric brown,#B56257,brown
Electric crimson,#FF003F,red
Electric green,#00FF00,green
Electric indigo,#6F00FF, mauve
Electric lime,#CCFF00,light green
Electric orange,#FF3503,orange
Electric pink,#F62681,pink
Electric purple,#BF00FF,mauve
Electric red,#E60000,red
Electric ultramarine,#3F00FF,blue
Electric violet,#8F00FF,mauve
Electric yellow,#FFFF33,yellow
Emerald,#50C878,green
Emerald green,#046307,green
Eminence,#6C3082,mauve
English lavender,#B48395,mauve
English red,#AB4B52,red
English vermillion,#CC474B,red
English violet,#563C5C,mauve
Eton blue,#96C8A2,blue
Eucalyptus,#44D7A8,green
Facebook Blue,#39569C,blue
Falu red,#801818,red
Fandango,#B53389,pink
Fandango pink,#DE5285,pink
Fashion fuchsia,#F400A1,pink
Fawn,#E5AA70,orange
Feldgrau,#4D5D53,dark green
Feldspar,#FDD5B1,light orange
Fern green,#4F7942,green
Ferrari red,#FF2800,red
Field drab,#6C541E,dark brown
Fiery rose,#FF5470,pink
Firebrick,#B22222,red
Fire engine red,#CE2029,red
Fire opal,#E95C4B,light red
Flame,#E25822,red
Flamingo pink,#FC8EAC,pink
Flavescent,#F7E98E,yellow
Flax,#EEDC82,yellow
Flesh,#FFE9D1,light red
Flickr Blue,#216BD6,blue
Flickr Pink,#FB0081,pink
Flirt,#A2006D,mauve
Floral white,#FFFAF0,white
Flower girl,#F498AD,pink
Fluorescent blue,#15F4EE,blue
Folly,#FF004F,red
Forest green (Crayola),#5FA777,green
Forest green (traditional),#014421,green
Forest green (web),#228B22,green
French bistre,#856D4D,brown
French blue,#0072BB,blue
French fuchsia,#FD3F92,pink
French lilac,#86608E,cyan
French lime,#9EFD38,green
French pink,#FD6C9E,pink
French plum,#811453,mauve
French puce,#4E1609,red
French raspberry,#C72C48,red
French rose,#F64A8A,pink
French sky blue,#77B5FE,blue
French violet,#8806CE,mauve
French wine,#AC1E44,dark pink
Fresh Air,#A6E7FF,cyan
Frostbite,#E936A7,mauve
Fuchsia,#FF00FF,pink
Fuchsia pink,#FF77FF,pink
Fuchsia purple,#CC397B,mauve
Fuchsia rose,#C74375,pink
Fulvous,#E48400,orange
Fuzzy Wuzzy,#CC6666,light red
Gainsboro,#DCDCDC,white
Gamboge,#E49B0F,orange
Gamboge orange (brown),#996600,orange
Garnet,#733635,dark red
Gargoyle Gas,#FFDF46,yellow
Generic viridian,#007F66,green
Ghost white,#F8F8FF,white
Giant's Club,#B05C52,orange
Giants orange,#FE5A1D,orange
Gin,#D8E4BC,light green
Glaucous,#6082B6,b
Glossy grape,#AB92B3,blue
GO green,#00AB66,green
Gold,#A57C00,yellow
Gold (metallic),#D4AF37,yellow
Gold (web) (Golden),#FFD700,yellow
Gold (Crayola),#E6BE8A,yellow
Gold Fusion,#85754E,yellow
Gold foil,#BD9B16,yellow
Golden brown,#996515,orange
Golden poppy,#FCC200,yellow
Golden yellow,#FFDF00,yellow
Goldenrod,#DAA520,yellow
Google Chrome red,#DE5246,red
Google Chrome blue,#4C8BF5,blue
Google Chrome green,#1AA260,green
Google Chrome yellow,#FFCE44,yellow
Granite gray,#676767,gray
Granny Smith apple,#A8E4A0,green
Grape,#6F2DA8,mauve
Gray (HTML/CSS gray),#808080,gray
Gray (X11 gray),#BEBEBE,gray
Gray-asparagus,#465945,gray
Green,#008001,green
Green (Crayola),#1CAC78,green
Green (Munsell),#00A877,green
Green (NCS),#009F6B,green
Green (Pantone),#00AD43,green
Green (pigment),#00A550,green
Green (RYB),#66B032,green
Green-blue,#1164B4,green
Green-blue (Crayola),#2887C8,green
Green Cola,#4C721D,green
Green-cyan,#009966,green
Green Lizard,#A7F432,green
Green Sheen,#6EAEA1,green
Green slime,#65FF00,green
Green-yellow,#ADFF2F,green
Green-yellow (Crayola),#F0E891,green
Grullo,#A99A86,brown
Guppie green,#00FF7F,green
Gunmetal,#2A3439,dark blue
Guyabano,#F8F8F8,white
Halayà úbe,#663854,mauve
Halloween orange,#EB6123,orange
Han blue,#446CCF,blue
Han purple,#5218FA,mauve
Harlequin,#3FFF00,green
Harlequin green,#46CB18,green
Harmonious rose,#F29CB7,pink
Harvard crimson,#C90016,red
Harvest gold,#DA9100,yellow
Hawaii blue,#00C3E3,blue
Heart gold,#808000,yellow
Heat Wave,#FF7A00,orange
Heliotrope,#DF73FF,mauve
Heliotrope gray,#AA98A9,gray
Heliotrope magenta,#AA00BB,mauve
Honeydew,#F0FFF0,light green
Honolulu blue,#006DB0,blue
Hooker's green,#49796B,green
Hot magenta,#FF1DCE,mauve
Hot pink,#FF69B4,pink
Huawei Red,#CF0A2C,red
Huawei Red (1987-2018),#ED1C24,red
Iceberg,#71A6D2,blue
Iced tea,#923C01,dark orange
Icterine,#FCF75E,yellow
Iguana green,#71BC78,green
Illuminating emerald,#319177,green
Imperial,#602F6B,mauve
Imperial blue,#002395,blue
Imperial purple,#66023C,mauve
Imperial red,#ED2939,red
Inchworm,#B2EC5D,green
Independence,#4C516D,dark blue
India green,#138808,green
Indian red,#CD5C5C,red
Indian yellow,#E3A857,yellow
Indigo,#4B0082,mauve
Indigo dye,#091F92,mauve
Indigo (rainbow),#233067,mauve
Infra red,#FF496C,red
Interdimensional blue,#360CCC,blue
International Klein Blue,#002FA7,blue
International orange (aerospace),#FF4F00,orange
International orange (engineering),#BA160C,orange
International orange (Golden Gate Bridge),#C0362C,orange
Iris,#5A4FCF,mauve
Iron,#A19D94,red
Irresistible,#B3446C,pink
Isabelline,#F4F0EC,white
Islamic green,#009000,green
Ivory,#FFFFF0,white yellow
Jacarta,#3D325D,mauve
Jacko bean,#413628,brown
Jade,#00A86B,green
Japanese carmine,#9D2933,red
Japanese indigo,#264348,dark green
Japanese laurel,#2F7532,green
Japanese violet,#5B3256,pink
Jasmine,#F8DE7E,yellow
Jasper,#D73B3E,red
Jasper orange,#DE8F4E,orange
Jazzberry jam,#A50B5E,dark pink
Jelly bean,#DA614E,orange
Jelly bean blue,#44798E,blue
Jet,#343434,black
Jet stream,#BBD0C9,black
Jonquil,#F4CA16,yellow
Jordy blue,#8AB9F1,blue
June bud,#BDDA57,green
Jungle green,#29AB87,green
Kelly green,#4CBB17,green
Kenyan copper,#7C1C05,red
Keppel,#3AB09E,cyan
Key lime,#E8F48C,yellow
Khaki (HTML/CSS) (Khaki),#C3B091,light brown
Khaki (X11) (Light khaki),#F0E68C,light brown
Kiwi,#8EE53F,green
Kobe,#882D17,red
Kobi,#E79FC4,red
Kombu green,#354230,green
KSU purple,#512888,mauve
KU crimson,#E8000D,red
La Salle green,#087830,green
Languid lavender,#D6CADD,mauve
Lapis lazuli,#26619C,blue
Laser lemon,#FFFF66,green
Laurel green,#A9BA9D,green
Lava,#CF1020,red
Lavender (floral),#B57EDC,mauve
Lavender (web),#E6E6FA,mauve
Lavender blue,#CCCCFF,mauve
Lavender blush,#FFF0F5,mauve
Lavender gray,#C4C3D0,mauve
Lavender indigo,#9457EB,mauve
Lavender magenta,#EE82EE,mauve
Lavender pink,#FBAED2,mauve
Lavender purple,#967BB6,mauve
Lavender rose,#FBA0E3,mauve
Lawn green,#7CFC00,green
Lemon,#FFF700,green
Lemon chiffon,#FFFACD,yellow
Lemon curry,#CCA01D,orange
Lemon glacier,#FDFF00,yellow
Lemon meringue,#F6EABE,yellow
Lemon yellow,#FFF44F,yellow
Lemon yellow (Crayola),#FFFF9F,yellow
Lenurple,#BA93D8,mauve
Liberty,#545AA7,blue
Licorice,#1A1110,black
Light blue,#ADD8E6,light blue
Light brown,#B5651D,light brown
Light carmine pink,#E66771,light pink
Light chocolate cosmos,#551F2F,light orange
Light cobalt blue,#88ACE0,light blue
Light coral,#F08080,light blue
Light crimson,#F56991,light red
Light cyan,#E0FFFF,light cyan
Light deep pink,#FF5CCD,light pink
Light French beige,#C8AD7F,light brown
Light fuchsia pink,#F984EF,light pink
Light gold,#B29700,light yellow
Light goldenrod yellow,#FAFAD2,light yellow
white,#D3D3D3,white
whiteish magenta,#CC99CC,white
Light green,#90EE90,white
Light hot pink,#FFB3DE,light pink
Light magenta,#FF80FF,light mauve
Light medium orchid,#D39BCB,pink
Light moss green,#ADDFAD,green
Light orange,#FED8B1,orange
Light orchid,#E6A8D7,pink
Light pastel purple,#B19CD9,light blue
Light periwinkle,#C5CBE1,blue
Light pink,#FFB6C1,pink
Light salmon,#FFA07A,brown
Light salmon pink,#FF9999,pink
Light sea green,#20B2AA,green
Light silver,#D8D8D8,gray
Light sky blue,#87CEFA,blue
Light slate gray,#778899,white
Light steel blue,#B0C4DE,light blue
Light taupe,#B38B6D,green
Light yellow,#FFFFE0,light yellow
Lilac,#C8A2C8,cyan
Lilac Luster,#AE98AA,cyan
Lime green,#32CD32,green
Limerick,#9DC209,green
Lincoln green,#195905,green
Linen,#FAF0E6,mauve
Linkedin Blue,#0072B1,blue
Little boy blue,#6CA0DC,blue
Little girl pink,#F8B9D4,pink
Liver,#674C47,brown
Liver (dogs),#B86D29,brown
Liver (organ),#6C2E1F,brown
Liver chestnut,#987456,brown
Lotion,#FEFDFA,blue
Lumber,#FFE4CD,light brown
Lust,#E62020,mauve
Lychee,#DC5349,blue
Maastricht blue,#001C3D,blue
Macaroni and Cheese,#FFBD88,brown
Madder Lake,#CC3336,green
Magenta (dye),#CA1F7B,mauve
Magenta (Pantone),#D0417E,mauve
Magenta (process),#FF0090,mauve
Magenta haze,#9F4576,mauve
Magenta-pink,#CC338B,mauve
Magic mint,#AAF0D1,green
Magic Potion,#FF4466,orange
Magnolia,#F8F4FF,green
Mahogany,#C04000,dark blue
Maize (Crayola),#F2C649,mauve
Majorelle blue,#6050DC,blue
Malachite,#0BDA51,pink
Manatee,#979AAA,light blue
Mandarin,#F37A48,mauve
Mango green,#96FF00,green
Mango Tango,#FF8243,orange
Mantis,#74C365,blue
Mardi Gras,#880085,red
Marigold,#EAA221,yellow
Maroon (HTML/CSS),#800000,dark red
Maroon (X11),#B03060,dark red
Mauve,#E0B0FF,mauve
Mauve taupe,#915F6D,mauve
Mauvelous,#EF98AA,mauve
Maximum blue,#47ABCC,blue
Maximum blue green,#30BFBF,blue
Maximum blue purple,#ACACE6,blue
Maximum green,#5E8C31,green
Maximum green yellow,#D9E650,green
Maximum purple,#733380,mauve
Maximum red,#D92121,red
Maximum red purple,#A63A79,red
Maximum yellow,#FAFA37,yellow
Maximum yellow red,#F2BA49,orange
May green,#4C9141,green
Maya blue,#73C2FB,blue
Meat brown,#E5B73B,brown
Medium aquamarine,#66DDAA,cyan
Medium blue,#0000CD,blue
Medium candy apple red,#E2062C,red
Medium carmine,#AF4035,red
Medium champagne,#F3E5AB,light brown
Medium electric blue,#035096,blue
Medium jungle green,#1C352D,green
Medium lavender magenta,#DDA0DD,mauve
Medium orchid,#BA55D3,mauve
Medium Persian blue,#0067A5,blue
Medium purple,#9370DB,mauve
Medium red-violet,#BB3385,red
Medium ruby,#AA4069,red
Medium sea green,#3CB371,green
Medium sky blue,#80DAEB,blue
Medium slate blue,#7B68EE,mauve
Medium spring bud,#C9DC87,light green
Medium spring green,#00FA9A,green
Medium turquoise,#48D1CC,cyan
Medium vermilion,#D9603B,orange
Medium violet-red,#C71585,red
Mellow apricot,#F8B878,light red
Melancholy,#FDBCB4,light pink
Menthol,#C1F9A2,green
Metallic blue,#32527B,blue
Metallic bronze,#A97142,brown
Metallic brown,#AC4313,brown
Metallic green,#296E01,green
Metallic orange,#DA680F,orange
Metallic pink,#EDA6C4,pink
Metallic red,#A62C2B,red
Metallic Seaweed,#0A7E8C,dark cyan
Metallic silver,#A8A9AD,white
Metallic Sunburst,#9C7C38,brown
Metallic violet,#5B0A91,mauve
Metallic yellow,#FDCC0D,yellow
Mexican pink,#E4007C,pink
Microsoft red,#F04E1F,red
Microsoft blue,#00A2ED,blue
Microsoft green,#7DB700,green
Microsoft yellow,#FDB900,yellow
Microsoft Edge blue,#0078D7,blue
Middle blue,#7ED4E6,blue
Middle blue green,#8DD9CC,blue
Middle blue purple,#8B72BE,mauve
Middle gray,#8B8680,gray
Middle green,#4D8C57,green
Middle green yellow,#ACBF60,yellow
Middle purple,#D982B5,pink
Middle red,#E58E73,red
Middle red purple,#A55353,red
Middle yellow,#FFEB00,yellow
Middle yellow red,#ECB176,orange
Midnight,#702670,blue
Midnight blue,#191970,blue
Midnight blue,#00468C,blue
Midnight green (eagle green),#004953,green
Mikado yellow,#FFC40C,yellow
Milk,#FDFFF5,white
Milk chocolate,#84563C,brown
Mimi pink,#FFDAE9,pink
Mindaro,#E3F988,light green
Ming,#36747D,dark cyan
Minion yellow,#F5E050,yellow
Mint,#3EB489,green
Mint cream,#F5FFFA,white
Mint green,#98FF98,green
Misty moss,#BBB477,brown
Misty rose,#FFE4E1,light pink
Mocha,#BEA493,light pink
Moonstone,#3AA8C1,blue
Moonstone blue,#73A9C2,blue
Mordant red 19,#AE0C00,red
Morning blue,#8DA399,blue
Moss green,#8A9A5B,green
Mountain Meadow,#30BA8F,green
Mountbatten pink,#997A8D,pink
MSU green,#18453B,green
Mud,#70543E,dark brown
Mughal green,#306030,green
Mulberry,#C54B8C,pink
Mulberry (Crayola),#C8509B,pink
Mustard,#FFDB58,yellow
Mustard brown,#CD7A00,brown
Mustard green,#6E6E30,green
Mustard yellow,#E1AD01,yellow
Myrtle green,#317873,green
Mystic,#D65282,pink
Mystic maroon,#AD4379,red
Mystic red,#FF5500,red
Nadeshiko pink,#F6ADC6,pink
Napier green,#2A8000,green
Naples yellow,#FADA5E,yellow
Navajo white,#FFDEAD,white
Navy blue,#000080,blue
Neon blue,#1B03A3,blue
Neon green,#39FF14,green
New Car,#214FC6,blue
New York pink,#D7837F,pink
Nickel,#727472,gray
Nintendo red,#E4000F,red
Non-photo blue,#A4DDED,blue
North Texas green,#059033,green
Nyanza,#E9FFDB,white
Ocean Blue,#4F42B5,blue
Ocean boat blue,#0077BE,blue
Ocean green,#48BF91,green
Ochre,#CC7722,orange
Ogre Odor,#FD5240,red
Old burgundy,#43302E,dark brown
Old gold,#CFB53B,yellow
Old lace,#FDF5E6,white
Old lavender,#796878,mauve
Old mauve,#673147,mauve
Old moss green,#867E36,green
Old rose,#C08081,pink
green Drab (#3),#6B8E23,green
green Drab #7,#3C341F,green
green green,#B5B35C,green
Olivine,#9AB973,green
Onyx,#353839,black
Opal,#A8C3BC,light cyan
Opera Red,#FF1B2D,red
Opera mauve,#B784A7,mauve
Orange (color wheel),#FF7F00,orange
Orange (Crayola),#FF7538,orange
Orange (Pantone),#FF5800,orange
Orange (RYB),#FB9902,orange
Orange (web),#FFA500,orange
Orange peel,#FF9F00,orange
Orange-red,#FF681F,orange
Orange-red (Crayola),#FF5349,orange
Orange soda,#FA5B3D,orange
Orange soda,#EB593D,orange
Orange-yellow,#F5BD1F,orange
Orange-yellow (Crayola),#F8D568,orange
Orchid,#DA70D6,pink
Orchid pink,#F2BDCD,pink
Orchid (Crayola),#E29CD2,pink
Orioles orange,#FB4F14,orange
Outer space,#414A4C,dark green
Outer space (Crayola),#2D383A,dark green
Outrageous Orange,#FF6E4A,orange
Oxford blue,#002147,blue
Oxley,#6D9A79,light green
OU Crimson red,#841617,red
Pacific blue,#1CA9C9,blue
Painite,#6B4947,brown
Pakistan green,#006600,green
Palatinate blue,#273BE2,blue
Palatinate purple,#682860,pink
Pale blue,#AFEEEE,blue
Pale brown,#987654,brown
Pale cerulean,#9BC4E2,light blue
Pale chestnut,#DDADAF,light red
Pale cornflower blue,#ABCDEF,blue
Pale cyan,#87D3F8,cyan
Pale goldenrod,#EEE8AA,yellow
Pale green,#98FB98,green
Pale lavender,#DCD0FF,mauve
Pale magenta,#F984E5,mauve
Pale magenta-pink,#FF99CC,mauve
Pale pink,#FADADD,pink
Pale purple (Pantone),#FAE6FA,light pink
Pale red-violet,#DB7093,light red
Pale robin egg blue,#96DED1,light blue
Pale silver,#C9C0BB,white
Pale spring bud,#ECEBBD,light green
Pale taupe,#BC987E,light brown
Pale violet,#CC99FF,light pink
Palm Leaf,#6F9940,green
Panasonic blue,#0040BE,blue
Pansy purple,#78184A,pink
Paolo Veronese green,#009B7D,green
Papaya whip,#FFEFD5,white
Parakeet Blue,#7EB6FF,blue
Paradise pink,#E63E62,pink
Parrot Pink,#D998A0,pink
Pastel blue,#AEC6CF,blue
Pastel brown,#836953,brown
Pastel gray,#CFCFC4,gray
Pastel green,#77DD77,green
Pastel magenta,#F49AC2,mauve
Pastel orange,#FFB347,orange
Pastel pink,#DEA5A4,pink
Pastel purple,#B39EB5,mauve
Pastel red,#FF6961,red
Pastel violet,#CB99C9,mauve
Pastel yellow,#FDFD96,yellow
Patriarch,#800080,mauve
Peach,#FFE5B4,light yellow
Peach-orange,#FFCC99,orange
Peach puff,#FFDAB9,light brown
Peach Burst,#F39998,pink
Peach-yellow,#FADFAD,yellow
Pear,#D1E231,green
Pearl,#EAE0C8,green
Pearl Aqua,#88D8C0,cyan
Pearly purple,#B768A2,mauve
Peridot,#E6E200,yellow
Periwinkle (Crayola),#C3CDE6,light blue
Permanent Geranium Lake,#E12C2C,red
Persian blue,#1C39BB,blue
Persian green,#00A693,green
Persian indigo,#32127A,mauve
Persian orange,#D99058,orange
Persian pink,#F77FBE,pink
Persian plum,#701C1C,dark red
Persian red,#CC3333,red
Persian rose,#FE28A2,pink
Persimmon,#EC5800,orange
Peru,#CD853F,light orange
Pewter Blue,#8BA8B7,blue
Philippine blue,#0038A7,blue
Philippine bronze,#6E3A07,brown
Philippine brown,#5D1916,brown
Philippine gold,#B17304,yellow
Philippine gray,#8C8C8C,gray
Philippine green,#008543,green
Philippine orange,#FF7300,orange
Philippine pink,#FA1A8E,pink
Philippine red,#CE1127,red
Philippine silver,#B3B3B3,white
Philippine violet,#81007F,mauve
Philippine yellow,#FECB00,yellow
Phlox,#DF00FF,pink
Phthalo blue,#000F89,blue
Phthalo green,#123524,green
Picton blue,#45B1E8,blue
Pictorial carmine,#C30B4E,red
Piggy pink,#FDDDE6,pink
Pine green,#01796F,green
Pine tree,#2A2F23,dark green
Pineapple,#563C0D,brown
Pink,#FFC0CB,pink
Pink (Pantone),#D74894,pink
Pink Diamond (Ace Hardware Color),#F6D6DE,pink
Pink Diamond (Independent Retailers Colors),#F0D3DC,pink
Pink flamingo,#FC74FD,pink
Pink lace,#FFDDF4,pink
Pink lavender,#D8B2D1,pink
Pink pearl,#E7ACCF,pink
Pink raspberry,#980036,pink
Pink Sherbet,#F78FA7,pink
Pistachio,#93C572,green
Pixie Powder,#391285,mauve
Platinum,#E5E4E2,white
Plum,#8E4585,light mauve
Plump Purple,#5946B2,mauve
Poker Green,#35654D,green
Police blue,#374F6B,blue
Polished Pine,#5DA493,cyan
Pomegranate,#660C21,dark red
Pomelo,#96A53C,green
Pomelo White,#F9FFE3,white
Pomelo green,#BFBD70,green
Poppy Petal,#F6A08C,pink
Popstar,#BE4F62,dark pink
Portland Orange,#FF5A36,orange
Powder blue,#B0E0E6,blue
Princess Perfume,#FF85CF,pink
Princeton orange,#F58025,orange
Prussian blue,#003153,blue
Puce,#CC8899,light pink
Puce red,#722F37,red
Pullman Brown (UPS Brown),#644117,brown
Pullman Green,#3B331C,green
Pumpkin,#FF7518,orange
Purple (Munsell),#9F00C5,mauve
Purple (X11),#A020F0,mauve
Purple Heart,#69359C,mauve
Purple mountain majesty,#9678B6,mauve
Purple navy,#4E5180,mauve
Purple pizzazz,#FE4EDA,mauve
Purple Plum,#9C51B6,mauve
Purple taupe,#50404D,mauve
Purpureus,#9A4EAE,mauve
Quartz,#51484F,black
Queen blue,#436B95,blue
Queen pink,#E8CCD7,pink
Quick Silver,#A6A6A6,white
Quinacridone magenta,#8E3A59,mauve
Quincy,#6A5445,brown
Radical Red,#FF355E,red
Raisin black,#242124,black
Rajah,#FBAB60,light orange
Rambutan,#C71232,red
Rambutan Red,#A72127,red
Raspberry,#E30B5D,pink
Raspberry pink,#E25098,pink
Raw Sienna,#D68A59,orange
Raw umber,#826644,brown
Razzle dazzle rose,#FF33CC,mauve
Razzmatazz,#E3256B,pink
Razzmic Berry,#8D4E85,mauve
Rebecca Purple,#663399,mauve
Red,#FF0000,red
Red (Crayola),#EE204D,red
Red (Munsell),#F2003C,red
Red (NCS),#C40233,red
Red (RYB),#FE2712,red
Red cola,#B62020,red
Red devil,#860111,red
Red-orange (Color wheel),#FF4500,red
Red-purple,#E40078,red
Red Salsa,#FD3A4A,red
Red-violet (Crayola),#C0448F,red
Red-violet (Color wheel),#922B3E,red
Redwood,#A45A52,red
Regalia,#522D80,mauve
Resolution blue,#002387,blue
Rhythm,#777696,light blue
Rich black,#004040,black
Rich black (FOGRA29),#010B13,black
Rich black (FOGRA39),#010203,black
Rich brilliant lavender,#F1A7FE,mauve
Rich electric blue,#0892D0,blue
Rich lavender,#A76BCF,mauve
Rich lilac,#B666D2,cyan
Rifle green,#444C38,green
Ripe mango,#FFC324,orange
Robin egg blue,#00CCCC,blue
Rocket metallic,#8A7F80,gray
Roman silver,#838996,white
Root beer,#290E05,dark brown
Rose bonbon,#F9429E,pink
Rose Dust,#9E5E6F,pink
Rose ebony,#674846,pink
Rose garnet,#960145,pink
Rose gold,#B76E79,pink
Rose pink,#FF66CC,pink
Rose quartz pink,#BD559C,pink
Rose red,#C21E56,pink
Rose taupe,#905D5D,pink
Rose vale,#AB4E52,pink
Rosewood,#65000B,pink
Rosso corsa,#D40000,pink
Rosy brown,#BC8F8F,light pink
Royal azure,#0038A8,blue
Royal blue,#002366,blue
Royal blue,#4169E1,blue
Royal brown,#523B35,brown
Royal fuchsia,#CA2C92,pink
Royal green,#136207,green
Royal orange,#F99245,orange
Royal pink,#E73895,pink
Royal red,#9B1C31,red
Royal red,#D00060,red
Royal purple,#7851A9,mauve
Ruber,#CE4676,pink
Rubine red,#D10056,red
Ruby,#E0115F,pink
Ruby red,#9B111E,red
Ruddy,#FF0028,red
Ruddy brown,#BB6528,orange
Ruddy pink,#E18E96,pink
Rufous,#A81C07,red
Russet,#80461B,brown
Russian green,#679267,green
Russian violet,#32174D,mauve
Rust,#B7410E,orange
Rusty red,#DA2C43,red
Sacramento State green,#043927,darkgreen
Saddle brown,#8B4513,brown
Safety orange,#FF7800,orange
Safety orange (blaze orange),#FF6700,orange
Safety yellow,#EED202,yellow
Saffron,#F4C430,yellow
Sage,#BCB88A,yellow
St. Patrick's blue,#23297A,darkblue
Salem,#177B4D,green
Salmon,#FA8072,pink
Salmon pink,#FF91A4,pink
Salmon Rose,#E7968B,pink
Samsung blue,#12279E,blue
Sandstorm,#ECD540,yellow
Sandy brown,#F4A460,orange
Sandy Tan,#FDD9B5,lightbrown
Sangria,#92000A,darkred
Sap green,#507D2A,green
Sapphire,#0F52BA,blue
Sasquatch Socks,#FF4681,pink
Satin sheen gold,#CBA135,orange
Scarlet,#FF2400,red
Scarlet,#FD0E35,red
School bus yellow,#FFD800,yellow
Screamin' Green,#66FF66,lightgreen
Sea blue,#006994,darkblue
Sea Foam Green,#9FE2BF,lightgreen
Sea green,#2E8B57,green
Sea green (Crayola),#00FFCD,lightbrown
Sea Serpent,#4BC7CF,lightblue
Seal brown,#59260B,brown
Seashell,#FFF5EE,white
Selective yellow,#FFBA00,orange
Sepia,#704214,brown
Sesame Street Green,#00A870,lightgreen
Shadow,#8A795D,lightbrown
Shadow blue,#778BA5,lightblue
Shampoo,#FFCFF1,pink
Shamrock green,#009E60,green
Shandy,#FFE670,yellow
Sheen green,#8FD400,lightgreen
Shimmering Blush,#D98695,pink
Shiny Shamrock,#5FA778,lightgreen
Shocking pink,#FC0FC0,pink
Shocking pink (Crayola),#FF6FFF,pink
Silver (Metallic),#AAA9AD,gray
Silver chalice,#ACACAC,gray
Silver foil,#AFB1AE,gray
Silver Lake blue,#5D89BA,lightblue
Silver pink,#C4AEAD,lightbrown
Silver sand,#BFC1C2,gray
Sinopia,#CB410B,brown
Sizzling Red,#FF3855,pink
Sizzling Sunrise,#FFDB00,yellow
Skobeloff,#007474,lightblue
Sky blue,#87CEEB,lightblue
Sky blue (Crayola),#76D7EA,lightblue
Sky magenta,#CF71AF,pink
Slate blue,#6A5ACD,mauve
Slate gray,#708090,gray
Slimy green,#299617,green
Smashed Pumpkin,#FF6D3A,orange
Smitten,#C84186,pink
Smoke,#738276,darkgreen
Smokey Topaz,#832A0D,brown
Smoky black,#100C08,black
Smoky Topaz,#933D41,brown
Snow,#FFFAFA,white
Soap,#CEC8EF,pink
Soldier Green,#545A2C,darkyellow
Solid pink,#893843,brown
Sonic silver,#757575,gray
Spartan Crimson,#9E1316,brown
Space cadet,#1D2951,darkblue
Spanish bistre,#807532,darkyellow
Spanish blue,#0070B8,blue
Spanish carmine,#D10047,pink
Spanish crimson,#E51A4C,pink
Spanish gray,#989898,gray
Spanish green,#009150,green
Spanish orange,#E86100,orange
Spanish pink,#F7BFBE,pink
Spanish purple,#66033C,mauve
Spanish red,#E60026,red
Spanish violet,#4C2882,mauve
Spanish viridian,#007F5C,green
Spanish yellow,#F6B511,orange
Spicy mix,#8B5F4D,brown
Spiro Disco Ball,#0FC0FC,lightblue
Spring bud,#A7FC00,lightgreen
Spring Frost,#87FF2A,lightgreen
Sprint Red,#EC2131,red
Sprint Yellow,#FFDD05,yellow
Star command blue,#007BB8,lightblue
Steel blue,#4682B4,lightblue
Steel pink,#CC33CC,pink
Steel Teal,#5F8A8B,lightblue
Stormcloud,#4F666A,gray
Stone Terrace,#A09484,lightbrown
Straw,#E4D96F,yellow
Strawberry,#FC5A8D,pink
Stop red,#CF142B,red
Strawberry red,#C83F49,red
Sugar Plum,#914E75,mauve
Sunburnt Cyclops,#FF404C,red
Sunglow,#FFCC33,yellow
Sunny,#F2F27A,yellow
Sunray,#E3AB57,yellow
Sunset Yellow,#FFC922,yellow
Super pink,#CF6BA9,pink
Sweet Brown,#A83731,brown
Sweet Sixteen,#F29EAB,pink
Tan,#D2B48C,brown
Tan (Crayola),#D99A6C,brown
Tangelo,#F94D00,orange
Tangerine,#F28500,orange
Taobao Orange,#FF4200,orange
Tart Orange,#FB4D46,orange
Taupe gray,#8B8589,gray
Tea green,#D0F0C0,greeg
Teal,#008080,cyan
Teal blue,#367588,blue
Teal deer,#99E6B3,light green
Teal green,#00827F,green
Telemagenta,#CF3476,mauve
Temptress,#3C2126,dark brown
Tenné (tawny),#CD5700,orange
Terra cotta,#E2725B,red
Thistle,#D8BFD8,gray
Thistle (Crayola),#EBB0D7,pink
Tickle Me Pink,#FC89AC,pink
Tiffany Blue,#0ABAB5,blue
Tiger's eye,#E08D3C,orange
Timberwolf,#DBD7D2,white
Titanium,#878681,gray
Titanium yellow,#EEE600,yellow
Tomato,#FF6347,red
Tomato sauce,#B21807,red
Toolbox,#746CC0,mauve
Topaz,#FFC87C,yellow
Tropical rain forest,#00755E,green
Tropical violet,#CDA4DE,mauve
True Blue,#2D68C4,blue
Tufts blue,#3E8EDE,blue
Tulip,#FF878D,light red
Tumbleweed,#DEAA88,light brown
Turkish rose,#B57281,pink
Turquoise,#40E0D0,cyan
Turquoise blue,#00FFEF,blue
Turquoise green,#A0D6B4,green
Turquoise Surf,#00C5CD,cyan
Tuscan red,#7C4848,red
Tuscany,#C09999,brown
Twilight lavender,#8A496B,mauve
Twitter blue,#26A7DE,blue
UA blue,#0033AA,blue
UA red,#D9004C,red
Ube,#8878C3,mauve
UCLA blue,#536895,blue
UCLA gold,#FFB300,red
UE red,#BA0001,green
UFO Green,#3CD070,green
Ultramarine blue,#4166F5,blue
Ultra red,#FC6C85,red
Umber,#635147,brown
Unbleached silk,#FFDDCA,white
United Nations blue,#5B92E5,blue
University of Alabama Crimson,#9E1B32,red
University of California Gold,#B78727,yellow
University of Georgia Red,#BA0C2F,red
University of Kentucky Blue,#0033A0,blue
University of Louisville Red,#AD0000,red
University of Pikeville Orange,#EA6E1E,orange
University of Tennessee Orange,#F77F00,orange
UP maroon,#7B1113,dark red
Upsdell red,#AE2029,red
Urobilin,#E1AD21,yellow
USAFA blue,#004F98,blue
Utah Crimson,#D3003F,red
Vampire black,#080808,black
Van Dyke brown,#664228,brown
Vanilla ice,#F38FA9,pink
Vegas gold,#C5B358,yellow
Venetian red,#C80815,red
Verdigris,#43B3AE,cyan
Verizon Red,#CD040B,red
Verizon Red (2000-2015),#EC1C24,red
Vermilion,#D9381E,red
Verse green,#18880D,green
Very light azure,#74BBFB,light blue
Very light blue,#6666FF,light blue
Very light malachite green,#64E986,light green
Very light tangelo,#FFB077,orange
Very pale orange,#FFDFBF,orange
Very pale yellow,#FFFFBF,yellow
Vine Green,#38A32A,green
Violet (color wheel),#7F00FF,mauve
Violet (crayola),#963D7F,mauve
Violet (RYB),#8601AF,mauve
Violet-blue,#324AB2,mauve
Violet-blue (Crayola),#766EC8,light mauve
Violet-red,#F75394,light pink
Violet-red,#891446,dark pink
Violets Are Blue,#8366F4,mauve
Violin Brown,#674403,dark brown
Viridian green,#009698,dark cyan
Vista blue,#7C9ED9,light cyan 
Vivaldi Red,#EF3939,red
Vivid auburn,#922724,dark red
Vivid burgundy,#9F1D35,dark pink 
Vivid cerise,#DA1D81,pink
Vivid cerulean,#00AAEE,cyan
Vivid crimson,#CC0033,dark red
Vivid gamboge,#FF9900,orange
Vivid lime green,#A6D608,yellow green
Vivid malachite,#00CC33,green
Vivid mulberry,#B80CE3,mauve
Vivid orange,#FF5F00,orange
Vivid orange peel,#FFA000,light brown
Vivid orchid,#CC00FF,mauve
Vivid raspberry,#FF006C,pink
Vivid red,#F70D1A,red
Vivid red-tangelo,#DF6124,orange
Vivid sky blue,#00CCFF,cyan
Vivid tangelo,#F07427,brown
Vivid tangerine,#FFA089,pink 
Vivid vermilion,#E56024,dark orange
Vivid violet,#9F00FF,mauve
Vivid yellow,#FFE302,yellow 
Vodka,#BFC0EE,light blue
Volt,#CEFF00,yellow green
Wageningen green,#34B233,green
Walmart blue,#007DC6,blue
Walmart blue (Truck),#00317E,dark blue
Walmart blue (Website),#0879C9,blue
Walmart blue (1992–2008),#2F39A8,dark blue
Walmart blue (1981–1992),#1D2CA0,dark blue
Walmart blue (1964–1981),#030303,black
Walmart blue (1962–1964),#0C5DA7,dark blue
Walmart Market Green,#A8F300,yellow green
Walmart Neighborhood Market Green,#88C021,light green
Walmart Neighborhood Market Green (2010-2011),#55C500,green
Walmart Neighborhood Market Green (2008-2010),#327A28,dark green
Walmart Neighborhood Market Green (1998-2008),#106B4A,dark green
Warm black,#004242,dark cyan
Water,#D4F1F9,light cyan
Watermelon,#F05C85,dark pink
Watermelon red,#BF4147,dark red
Waterspout,#A4F4F9,light cyan
Weebly Blue,#1F8EED,cyan
Weebly Orange,#FF9A00,orange
Weldon Blue,#7C98AB,gray
Wendy's Red,#DD1438,red
Wendy's Red (2007-2013),#CD022D,dark red
Wendy's Red (1975-2007),#ED1B24,red
Wendy's Red (1971-1975),#EE3A43,red
Wendy's Red (1969-1971),#EE3942,red
Wenge,#645452,dark gray
Wheat,#F5DEB3,yellow
White,#FFFFFF,white
White chocolate,#EDE6D6,white
White coffee,#E6E0D4,white
Wild blue yonder,#A2ADD0,light blue
Wild orchid,#D470A2,light pink
Wild Strawberry,#FF43A4,pink
Willpower orange,#FD5800,orange
Windsor tan,#A75502,dark orange
Wine red,#B11226,dark red
Winter Sky,#FF007C,pink
Winter Wizard,#A0E6FF,light cyan
Wintergreen Dream,#56887D,dark cyan
Wisteria,#C9A0DC,light mauve
Xanadu,#738678,dark gray
Xbox Green,#0E7A0D,dark green
Xiaomi Orange,#FD4900,orange
Yahoo Japan Red,#FF0033,red
Yahoo Purple,#4102B0,mauve
Yahoo Purple (1995),#7C019A,mauve
Yale Blue,#0F4D92,dark cyan
Yankees blue,#1C2841,dark blue
Yellow,#FFFF00,yellow
Yellow (Crayola),#FCE883,light yellow
Yellow (Munsell),#EFCC00,yellow
Yellow (Pantone),#FEDF00,yellow
Yellow (RYB),#FEFE33,yellow
Yellow-green,#9ACD32,yellow green
Yellow-green (Crayola),#C5E384,light yellow green
Yellow-green (Color Wheel),#30B21A,dark green
Yellow Orange,#FFAE42,light brown
Yellow Orange (Color Wheel),#FF9505,orange
Yellow rose,#FFF000,yellow
YInMn Blue,#2E5090,dark blue
Youtube red,#B2071D,dark red
Zaffre,#0014A8,dark blue
Zinnwaldite brown,#2C1608,dark brown
Zomp,#39A78E,green
ZTE Blue,#4286D2,dark cyan
ZTE Blue (1985-2015),#2056AE,dark blue
Abbey,#4C4F56,dark gray
Acadia,#1B1404,light green
Acapulco,#7CB0A1,white
Acorn,#6A5D1B,dark yellow
Affair,#714693,mauve
Afghan Tan,#86560A,dark brown
Akaroa,#D4C4A8,light brown
Albescent White,#F5E9D3,light brown
Alert Tan,#9B4703,dark orange
Allports,#0076A3,dark cyan
Almond Frost,#907B71,brown
Alpine,#AF8F2C,light brown
Alto,#DBDBDB,white
Aluminium,#A9ACB6,gray
Americano,#87756E,dark pink
Amethyst Smoke,#A397B4,white
Amour,#F9EAF3,white
Amulet,#7B9F80,green
Anakiwa,#9DE5FF,light cyan
Antique Brass,#704A07,brown
Anzac,#E0B646,dark yellow
Apache,#DFBE6F,light yellow
Apple,#4FA83D,green
Apple Blossom,#AF4D43,dark red
Apple Green,#E2F3EC,light cyan
Apricot,#EB9373,light red
Apricot White,#FFFEEC,white
Aqua,#A1DAD7,cyan
Aqua Haze,#EDF5F5,light cyan
Aqua Spring,#EAF9F5,light cyan
Aqua Squeeze,#E8F5F2,light cyan
Aquamarine,#014B43,dark cyan
Arapawa,#110C6C,blue
Armadillo,#433E37,dark beown
Arrowtown,#948771,light brown
Ash,#C6C3B5,white
Ash Brown,#2E1905,brown
Asphalt,#130A06,dark brown
Astra,#FAEAB9,yellow
Astral,#327DA0,cyan
Astronaut,#283A77,mauve
Astronaut Blue,#013E62,dark cyan
Athens gray,#EEF0F3,light cyan
Aths Special,#ECEBCE,light green
Atlantis,#97CD2D,green
Atoll,#0A6F75,dark cyan
Atomic,#314459,dark cyan
Au Chico,#97605D,light red
Aubergine,#3B0910,dark pink
Australian Mint,#F5FFBE,light yellow
Avocado,#888D65,gray
Axolotl,#4E6649,dark green
Azalea,#F7C8DA,pink
Aztec,#0D1C19,dark green
Azure,#315BA1,cyan
Bahama Blue,#026395,dark cyan
Bahia,#A5CB0C,yellow green
Baja White,#FFF8D1,light yellow
Bali Hai,#859FAF,cyan 
Baltic Sea,#2A2630,black
Bamboo,#DA6304,orange
Bandicoot,#858470,gray
Barberry,#DED717,yellow
Barley Corn,#A68B5B,light brown
Barley White,#FFF4CE,light pink
Barossa,#44012D,dark mauve
Bastille,#292130,dark gray
Battleship gray,#828F72,white
Bay Leaf,#7DA98D,light green
Bay of Many,#273A81,blue
Beauty Bush,#EEC1BE,pink
Beeswax,#FEF2C7,light yellow
Bermuda,#7DD8C6,cyan
Bermuda gray,#6B8BA2,dark cyan
Beryl Green,#DEE5C0,gray
Bianca,#FCFBF3,light yellow
Big Stone,#162A40,dark cyan
Bilbao,#327C14,dark green
Biloba Flower,#B2A1EA,light mauve
Birch,#373021,brown
Bird Flower,#D4CD16,yellow
Biscay,#1B3162,dark blue
Bismark,#497183,dark cyan
Bison Hide,#C1B7A4,light brown
Bitter,#868974,gray
Bizarre,#EEDEDA,pink
Black Bean,#081910,dark green
Black Forest,#0B1304,dark green
Black Haze,#F6F7F7,white
Black Magic,#251706,black
Black Marlin,#3E2C1C,brown
Black Pearl,#041322,dark cyan
Black Pepper,#0E0E18,black
Black Rock,#0D0332,dark blue
Black Rose,#67032D,dark pink
Black Russian,#0A001C,dark blue
Black Squeeze,#F2FAFA,light cyan
Black White,#FFFEF6,white
Blackberry,#4D0135,mauve
Blackcurrant,#32293A,dark gray
Blackwood,#261105,brown
Bleach White,#FEF3D8,white
Bleached Cedar,#2C2133,dark blue
Blossom,#DCB4BC,light pink
Blue Bayoux,#496679,dark cyan
Blue Bell,#220878,blue
Blue Chalk,#F1E9FF,green
Blue Charcoal,#010D1A,dark cyan
Blue Chill,#0C8990,dark cyan
Blue Diamond,#380474,mauve
Blue Dianne,#204852,dark cyan
Blue Gem,#2C0E8C,blue
Blue Haze,#BFBED8,white
Blue Lagoon,#017987,dark cyan
Blue Marguerite,#7666C6,light mauve
Blue Romance,#D2F6DE,light cyan
Blue Smoke,#748881,gray
Blue Stone,#016162,dark cyan
Blue Whale,#042E4C,dark cyan
Blue Zodiac,#13264D,dark blue
Blumine,#18587A,dark cyan
Blush,#B44668,pink
Bokara gray,#1C1208,dark brown
Bombay,#AFB1B8,white
Bon Jour,#E5E0E1,white
Bondi Blue,#02478E,dark cyan
Bone,#E4D1C0,pink
Bordeaux,#5C0120,mauve
Bossanova,#4E2A5A,mauve
Boston Blue,#3B91B4,cyan
Botticelli,#C7DDE5,light cyan
Bottle Green,#093624,dark green
Boulder,#7A7A7A,gray
Bouquet,#AE809E,pink
Bourbon,#BA6F1E,brown
Bracken,#4A2A04,dark brown
Brandy,#DEC196,light brown
Brandy Punch,#CD8429,brown
Brandy Rose,#BB8983,light pink
Brazil,#886221,brown
Breaker Bay,#5DA19F,dark cyan
Bridal Heath,#FFFAF4,white
Bridesmaid,#FEF0EC,white
Bright gray,#3C4151,dark blue
Bright Red,#B10000,red
Bright Sun,#FED33C,yellow
Bronco,#ABA196,gray
Bronze,#3F2109,dark brown
Bronze green,#4E420C,brown
Bronzetone,#4D400F,brown
Broom,#FFEC13,yellow
Brown Bramble,#592804,dark brown
Brown Derby,#492615,dark brown
Brown Pod,#401801,dark brown
Buccaneer,#622F30,mauve
Bud,#A8AE9C,white
Buddha Gold,#C1A004,dark yellow
Bull Shot,#864D1E,brown
Bunker,#0D1117,dark cyan
Bunting,#151F4C,dark blue
Burgundy,#770F05,dark red
Burnham,#002E20,dark green
Burning Sand,#D99376,pink
Bush,#0D2E1C,dark green
Buttercup,#F3AD16,yellow
Buttered Rum,#A1750D,brown
Butterfly Bush,#624E9A,mauve
Buttermilk,#FFF1B5,light pink
Buttery White,#FFFCEA,light pink
Cab Sav,#4D0A18,mauve
Cabaret,#D94972,pink
Cabbage Pont,#3F4C3A,dark green
Cactus,#587156,dark green
Cadillac,#B04C6A,pink
Cafe Royale,#6F440C,brown
Calico,#E0C095,light brown
California,#FE9D04,orange
Calypso,#31728D,dark cyan
Camarone,#00581A,dark green
Camelot,#893456,mauve
Cameo,#D9B99B,pink
Camouflage,#3C3910,brown
Can Can,#D591A4,pink
Canary,#F3FB62,light yellow
Candlelight,#FCD917,yellow
Cannon Pink,#894367,mauve
Canvas,#A8A589,gray
Cape Cod,#3C4443,dark gray
Cape Honey,#FEE5AC,light yellow
Cape Palliser,#A26645,brown
Caper,#DCEDB4,light green
Caramel,#FFDDAF,light yellow
Cararra,#EEEEE8,white
Cardin Green,#01361C,dark green
Cardinal,#8C055E,mauve
Careys Pink,#D29EAA,light pink
Carissma,#EA88A8,light pink
Carla,#F3FFD8,light yellow green
Carnaby Tan,#5C2E01,brown
Carousel Pink,#F9E0ED,light pink
Casablanca,#F8B853,light brown
Casal,#2F6168,dark cyan
Cascade,#8BA9A5,light cyan
Cashmere,#E6BEA5,pink
Casper,#ADBED1,light cyan
Castro,#52001F,mauve
Catskill White,#EEF6F7,light cyan
Cavern Pink,#E3BEBE,pink
Ce Soir,#9771B5,light mauve
Cedar,#3E1C14,dark brown
Cedar Wood Finish,#711A00,brown
Celery,#B8C25D,yellow green
Celeste,#D1D2CA,gray
Cello,#1E385B,dark cyan
Celtic,#163222,dark green
Cement,#8D7662,light brown
Ceramic,#FCFFF9,light green
Chablis,#FFF4F3,white
Chalet Green,#516E3D,dark green
Chalky,#EED794,light brown
Chambray,#354E8C,blue
Chamois,#EDDCB1,pink
Champagne,#FAECCC,pink
Chantilly,#F8C3DF,light pink
Charade,#292937,dark blue
Chardon,#FFF3F1,white
Chardonnay,#FFCD8C,light brown
Charlotte,#BAEEF9,light cyan
Charm,#D47494,green
Chateau Green,#40A860,green
Chatelle,#BDB3C7,white
Chathams Blue,#175579,dark cyan
Chelsea Cucumber,#83AA5D,light green
Chelsea Gem,#9E5302,brown
Chenin,#DFCD6F,light yellow
Cherokee,#FCDA98,light yellow
Cherry Pie,#2A0359,mauve
Cherrywood,#651A14,brown
Cherub,#F8D9E9,light pink
Chetwode Blue,#8581D9,light mauve
Chicago,#5D5C58,dark gray
Chiffon,#F1FFC8,light yellow green
Chilean Fire,#F77703,orange
Chilean Heath,#FFFDE6,white
China Ivory,#FCFFE7,white
Chino,#CEC7A7,white
Chinook,#A8E3BD,light cyan
Chocolate,#370202,dark red
Christalle,#33036B,mauve
Christi,#67A712,light green 
Christine,#E7730A,orange
Chrome White,#E8F1D4,white
Cigar,#773F1A,brown
Cinderella,#FDE1DC,light pink
Cioccolato,#55280C,brown
Citrine White,#FAF7D6,white
Citron,#9EA91F,dark yellow
Citrus,#A1C50A,yellow green
Clairvoyant,#480656,mauve
Clam Shell,#D4B6AF,light pink
Clay Creek,#8A8360,gray
Clear Day,#E9FFFD,light cyan
Clementine,#E96E00,orange
Clinker,#371D09,dark brown
Cloud,#C7C4BF,white
Cloud Burst,#202E54,dark blue
Cloudy,#ACA59F,gray
Clover,#384910,dark yellow green
Cocoa Bean,#481C1C,mauve
Cocoa Brown,#301F1E,dark brown
Coconut Cream,#F8F7DC,white
Cod gray,#0B0B0B,dark gray
Coffee,#706555,light brown
Coffee Bean,#2A140E,dark brown
Cognac,#9F381D,dark red
Cola,#3F2500,dark brown
Cold Purple,#ABA0D9,light mauve
Cold Turkey,#CEBABA,light pink
Colonial White,#FFEDBC,light yellow
Comet,#5C5D75,dark blue
Como,#517C66,dark green
Conch,#C9D9D2,light cyan
Concord,#7C7B7A,dark gray
Concrete,#F2F2F2,white
Confetti,#E9D75A,light yellow
Congo Brown,#593737,mauve
Conifer,#ACDD4D,light green
Contessa,#C6726B,pink 
Copper Canyon,#7E3A15,brown
Copper Rust,#944747,mauve
Coral,#C7BCA2,white
Coral Candy,#FFDCD6,light pink
Coral Tree,#A86B6B,mauve
Corduroy,#606E68,gray
Coriander,#C4D0B0,white
Cork,#40291D,brown
Corn,#E7BF05,yellow
Corn Field,#F8FACD,light yellow
Corn Harvest,#8B6B0B,brown
Cornflower,#FFB0AC,light pink
Corvette,#FAD3A2,light brown
Cosmic,#76395D,mauve
Cosmos,#FFD8D9,light pink
Costa Del Sol,#615D30,light brown
Cotton Seed,#C2BDB6,gray
County Green,#01371A,dark green
Cove gray,#051657,dark blue
Cowboy,#4D282D,mauve
Crab Apple,#A02712,dark red
Crail,#B95140,red
Cranberry,#B6316C,pink
Crater Brown,#462425,dark brown
Cream Brulee,#FFE5A0,light yellow
Cream Can,#F5C85C,light yellow
Creme De Banane,#FFFC99,light yellow
Creole,#1E0F04,dark brown
Crete,#737829,dark yellow green
Crocodile,#736D58,dark gray
Crown of Thorns,#771F1F,dark red
Cruise,#B5ECDF,light cyan
Crusoe,#004816,dark green
Crusta,#FD7B33,orange
Cumin,#924321,brown
Cumulus,#FDFFD5,light yellow
Cupid,#FBBEDA,light pink
Curious Blue,#2596D1,cyan 
Cutty Sark,#507672,gray
Cyprus,#003E40,dark cyan
Daintree,#012731,dark cyan
Dairy Cream,#F9E4BC,light brown
Daisy Bush,#4F2398,mauve
Dallas,#6E4B26,brown
Danube,#6093D1,dark brown
Dark Ebony,#3C2005,cyan 
Dark Oak,#612718,dark red
Dark Rimu,#5F3D26,brown
Dark Rum,#412010,dark brown
Dark Slate,#394851,dark cyan
Dark Tan,#661010,dark red
Dawn,#A6A29A,gray
Dawn Pink,#F3E9E5,light pink
De York,#7AC488,light green
Deco,#D2DA97,light yellow
Deep Blush,#E47698,light pink
Deep Bronze,#4A3004,dark brown
Deep Cove,#051040,dark blue
Deep Fir,#002900,dark green
Deep Koamaru,#1B127B,blue
Deep Sea,#01826B,dark green
Deep Teal,#003532,dark cyan
Del Rio,#B09A95,light brown
Dell,#396413,dark green
Delta,#A4A49D,white
Deluge,#7563A8,light mauve
Derby,#FFEED8,white
Desert,#AE6020,brown
Desert Storm,#F8F8F7,white
Dew,#EAFFFE,light cyan
Di Serria,#DB995E,light brown
Diesel,#130000,dark mauve
Dingley,#5D7747,dark green
Disco,#871550,mauve
Dixie,#E29418,dark yellow
Dolly,#F9FF8B,light yellow
Dolphin,#646077,gray
Domino,#8E775E,light brown
Don Juan,#5D4C51,gray
Donkey Brown,#A69279,light brown
Dorado,#6B5755,mauve
Double Colonial White,#EEE3AD,light brown
Double Pearl Lusta,#FCF4D0,white
Double Spanish White,#E6D7B9,light brown
Dove gray,#6D6C6C,dark gray
Downriver,#092256,dark blue
Downy,#6FD0C5,light cyan
Driftwood,#AF8751,brown
Drover,#FDF7AD,light yellow
Dune,#383533,dark gray
Dusty gray,#A8989B,gray
Eagle,#B6BAA4,white
Earls Green,#C9B93B,dark yellow
Early Dawn,#FFF9E6,white
East Bay,#414C7D,dark blue
East Side,#AC91CE,light purple
Eastern Blue,#1E9AB0,cyan
Ebb,#E9E3E3,white
Ebony,#0C0B1D,dark blue
Ebony Clay,#26283B,dark blue
Echo Blue,#AFBDD9,light cyan
Eclipse,#311C17,dark brown
Ecru White,#F5F3E5,white
Ecstasy,#FA7814,orange
Eden,#105852,dark green
Edgewater,#C8E3D7,white
Edward,#A2AEAB,gray
Egg Sour,#FFF4DD,white
Egg White,#FFEFC1,light yellow
El Paso,#1E1708,dark brown
El Salva,#8F3E33,brown
Elephant,#123447,dark blue
Elf Green,#088370,dark cyan
Elm,#1C7C7D,dark cyan
Emperor,#514649,dark brown
Empress,#817377,brown
Endeavour,#0056A7,blue
Energy Yellow,#F8DD5C,light yellow
English Holly,#022D15,dark green
English Walnut,#3E2B23,dark brown
Envy,#8BA690,white
Equator,#E1BC64,light brown
Eternity,#211A0E,dark brown
Eucalyptus,#278A5B,dark green
Eunry,#CFA39D,light brown
Evening Sea,#024E46,dark green
Everglade,#1C402E,dark green
Fair Pink,#FFEFEC,light pink
Falcon,#7F626D,mauve
Fantasy,#FAF3F0,white
Fedora,#796A78,mauve
Feijoa,#9FDD8C,light green
Fern,#0A480D,dark green
Fern Frond,#657220,dark green
Ferra,#704F50,mauve
Festival,#FBE96C,yellow
Feta,#F0FCEA,light green
Fiery Orange,#B35213,brown
Finch,#626649,dark gray
Finlandia,#556D56,dark green
Finn,#692D54,mauve
Fiord,#405169,dark cyan
Fire,#AA4203,dark orange
Fire Bush,#E89928,orange
Firefly,#0E2A30,dark cyan
Flame Pea,#DA5B38,orange
Flame Red,#C7031E,red
Flamenco,#FF7D07,orange
Flamingo,#F2552A,orange
Flax,#7B8265,gray
Flint,#6F6A61,gray
Foam,#D8FCFA,light cyan
Fog,#D7D0FF,light blue
Foggy gray,#CBCAB6,white
Forest Green,#182D09,dark green
Forget Me Not,#FFF1EE,white
Fountain Blue,#56B4BE,cyan
Frangipani,#FFDEB3,light brown
French gray,#BDBDC6,white
French Lilac,#ECC7EE,light pink
French Pass,#BDEDFD,light cyan
Friar gray,#807E79,dark gray
Fringy Flower,#B1E2C1,light green
Froly,#F57584,pink
Frost,#EDF5DD,white
Frosted Mint,#DBFFF8,light cyan
Frostee,#E4F6E7,light green
Fruit Salad,#4F9D5D,green
Fuchsia,#7A58C1,green
Fuego,#BEDE0D,yellow green
Fuel Yellow,#ECA927,orange
Fun Blue,#1959A8,dark cyan
Fun Green,#016D39,dark green
Fuscous gray,#54534D,dark gray
Gable Green,#163531,dark gray
Gallery,#EFEFEF,white
Galliano,#DCB20C,yellow
Geebung,#D18F1B,brown
Genoa,#15736B,dark cyan
Geraldine,#FB8989,pink
Geyser,#D4DFE2,white
Ghost,#C7C9D5,white
Gigas,#523C94,mauve
Gimblet,#B8B56A,light brown
Gin,#E8F2EB,light green
Gin Fizz,#FFF9E2,white
Givry,#F8E4BF,light yellow
Glacier,#80B3C4,light blue
Glade Green,#61845F,dark green
Go Ben,#726D4E,dark brown
Goblin,#3D7D52,dark green
Gold Drop,#F18200,orange
Gold Tips,#DEBA13,yellow
Golden Bell,#E28913,dark orange
Golden Dream,#F0D52D,yellow
Golden Fizz,#F5FB3D,yellow
Golden Glow,#FDE295,light yellow
Golden Sand,#F0DB7D,light yellow
Golden Tainoi,#FFCC5C,yellow
Gondola,#261414,dark brown
Gordons Green,#0B1107,dark green
Gorse,#FFF14F,yellow
Gossamer,#069B81,dark cyan
Gossip,#D2F8B0,light green
Gothic,#6D92A1,light blue
Governor Bay,#2F3CB3,dark blue
Grain Brown,#E4D5B7,light brown
Grandis,#FFD38C,light brown
Granite Green,#8D8974,dark gray
Granny Apple,#D5F6E3,light cyan
Granny Smith,#84A0A0,light cyan
Grape,#381A51,mauve
Graphite,#251607,dark brown
Grass Hopper,#7C7631,dark yellow
Gravel,#4A444B,dark gray
Green House,#24500F,dark green
Green Kelp,#25311C,dark green
Green Leaf,#436A0D,dark green
Green Mist,#CBD3B0,white
Green Pea,#1D6142,dark green
Green Smoke,#A4AF6E,light green
Green Spring,#B8C1B1,white
Green Vogue,#032B52,dark blue
Green Waterloo,#101405,dark green
Green White,#E8EBE0,white
Grenadier,#D54600,orange
gray Chateau,#A2AAB3,white
gray Green,#454936,dark green
gray Nickel,#C3C3BD,white
gray Nurse,#E7ECE6,white
gray green,#A9A491,white
gray Suit,#C1BECD,white
Guardsman Red,#BA0101,red
Gulf Stream,#80B3AE,light green
Gull gray,#9DACB7,light blue
Gum Leaf,#B6D3BF,light green
Gumbo,#7CA1A6,light blue
Gun Powder,#414257,dark blue
Gunmetal,#020D15,dark blue
Gunsmoke,#828685,gray
Gurkha,#9A9577,light brown
Hacienda,#98811B,dark yellow
Hairy Heath,#6B2A14,dark red
Haiti,#1B1035,dark blue
Half and Half,#FFFEE1,white
Half Baked,#85C4CC,light blue
Half Colonial White,#FDF6D3,white
Half Dutch White,#FEF7DE,white
Half Spanish White,#FEF4DB,white
Hampton,#E5D8AF,light brown
Harp,#E6F2EA,light green
Harvest Gold,#E0B974,light brown
Havana,#341515,dark brown
Havelock Blue,#5590D9,cyan
Hawaiian Tan,#9D5616,brown
Hawkes Blue,#D4E2FC,light cyan
Heath,#541012,dark red
Heather,#B7C3D0,light blue
Heathered gray,#B6B095,light brown
Heavy Metal,#2B3228,dark green
Hemlock,#5E5D3B,dark yellow
Hemp,#907874,brown
Highball,#908D39,dark yellow
Highland,#6F8E63,green
Hillary,#ACA586,light brown
Hint of Green,#E6FFE9,light green
Hint of Red,#F9F9F9,white
Hint of Yellow,#FAFDE4,light yellow
Hippie Blue,#589AAF,cyan
Hippie Green,#53824B,green
Hippie Pink,#AE4560,dark pink
Hit gray,#A1ADB5,white
Hit Pink,#FFAB81,light orange
Hokey Pokey,#C8A528,yellow
Hoki,#65869F,dark cyan
Holly,#011D13,dark green
Honey Flower,#4F1C70,mauve
Honeysuckle,#EDFC84,light yellow
Hopbush,#D06DA1,light pink
Horizon,#5A87A0,dark cyan
Horses Neck,#604913,brown
Hot Chile,#8B0723,dark red
Hot Toddy,#B38007,dark yellow
Humming Bird,#CFF9F3,light green
Hunter Green,#161D10,dark green
Hurricane,#877C7B,gray
Husk,#B7A458,light brown
Ice Cold,#B1F4E7,light cyan
Iceberg,#DAF4F0,light cyan
Illusion,#F6A4C9,light pink
Indian Tan,#4D1E01,dark brown
Indochine,#C26B03,dark orange
Iroko,#433120,dark brown
Iron,#D4D7D9,white
Ironbark,#411F10,dark brown
Ironside gray,#676662,gray
Ironstone,#86483C,dark red
Island Spice,#FFFCEE,white
Jacaranda,#2E0329,dark mauve
Jacarta,#3A2A6A,dark blue
Jacksons Purple,#20208D,dark blue
Jade,#427977,green
Jaffa,#EF863F,orange
Jagged Ice,#C2E8E5,light cyan
Jagger,#350E57,mauve
Jaguar,#080110,dark blue
Jambalaya,#5B3013,dark brown
Janna,#F4EBD3,white
Japanese Laurel,#0A6906,dark green
Japanese Maple,#780109,dark red
Japonica,#D87C63,light orange
Java,#1FC2C2,cyan
Jelly Bean,#297B9A,dark cyan
Jet Stream,#B5D2CE,light cyan
Jewel,#126B40,dark green
Jon,#3B1F1F,dark brown
Jonquil,#EEFF9A,light yellow
Judge gray,#544333,dark brown
Jumbo,#7C7B82,gray
Jungle Green,#281E15,black
Jungle Mist,#B4CFD3,light cyan
Juniper,#6D9292,cyan
Just Right,#ECCDB9,white
Kabul,#5E483E,dark brown
Kaitoke Green,#004620,dark green
Kangaroo,#C6C8BD,white
Karaka,#1E1609,dark brown
Karry,#FFEAD4,light yellow
Kashmir Blue,#507096,blue
Kidnapper,#E1EAD4,light green
Kilamanjaro,#240C02,dark brown
Killarney,#3A6A47,dark green
Kimberly,#736C9F,mauve
Kingfisher Daisy,#3E0480,mauve
Kokoda,#6E6D57,dark mauve
Korma,#8F4B0E,dark orange
Koromiko,#FFBD5F,yellow
Kournikova,#FFE772,dark green
La Palma,#368716,green
La Rioja,#B3C110,green
Las Palmas,#C6E610,yellow green
Laser,#C8B568,green
Laurel,#749378,green
Lavender,#A899E6,mauve
Leather,#967059,yellow
Lemon,#F4D81C,yellow
Lemon Ginger,#AC9E22,gray
Lemon Grass,#9B9E8F,yellow
Lightning Yellow,#FCC01E,yellow
Lilac Bush,#9874D3,light mauve
Lily,#C8AABF,light cyan
Lily White,#E7F8FF,light cyan
Lima,#76BD17,green
Lime,#BFC921,dark green
Limeade,#6F9D02,dark yellow green
Limed Ash,#747D63,dark brown
Limed Gum,#423921,light brown
Limed Oak,#AC8A56,white
Linen,#E6E4D4,white
Link Water,#D9E4F5,light cyan
Lipstick,#AB0563,dark brown
Livid Brown,#4D282E,brown
Loafer,#EEF4DE,white
Loblolly,#BDC9CE,light cyan
Lochinvar,#2C8C84,blue
Lochmara,#007EC7,light green
Locust,#A8AF8E,dark green
Log Cabin,#242A1D,light mauve
Logan,#AAA9CD,light blue
Lola,#DFCFDB,light mauve
London Hue,#BEA6C3,dark red
Lonestar,#6D0101,dark red
Lotus,#863C3C,dark mauve
Loulou,#460B41,dark yellow
Lucky,#AF9F1C,dark blue
Lucky Point,#1A1A68,dark blue
Lunar Green,#3C493A,green
Lusty,#991B07,red
Luxor Gold,#A7882C,yellow
Lynch,#697E9A,light cyan
Mabel,#D9F7FF,dark blue
Madang,#B7F0BE,light green
Madison,#09255D,dark red
Madras,#3F3002,dark brown
Mahogany,#4E0606,dark gray
Mai Tai,#B06608,light blue
Maize,#F5D5A0,dark green
Makara,#897D6D,light brown
Mako,#444954,gray
Malibu,#7DC8F7,dark yellow
Mallard,#233418,dark pink
Malta,#BDB2A1,white
Mamba,#8E8190,light brown
Mandalay,#AD781B,gray
Mandy,#E25465,light yellow
Mandys Pink,#F2C3B2,dark mauve
Manhattan,#F5C999,dark yellow
Mantle,#8B9C90,blue
Manz,#EEEF78,yellow
Mardi Gras,#350036,dark gray
Marigold,#B98D28,yellow
Mariner,#286ACD,light yellow
Maroon,#420303,dark red
Marshland,#0B0F08,black
Martini,#AFA09E,light gray
Martinique,#363050,blue
Marzipan,#F8DB9D,yellow
Masala,#403B38,black
Matisse,#1B659D,blue
Matrix,#B05D54,dark red
Matterhorn,#4E3B41,dark brown
Maverick,#D8C2D5,light pink
Melanie,#E4C2D5,light pink
Melanzane,#300529,dark mauve
Melrose,#C7C1FF,light mauve
Meranti,#5D1E0F,dark red
Mercury,#E5E5E5,white
Merino,#F6F0E6,light brown
Merlin,#413C37,dark brown
Merlot,#831923,dark red
Metallic Bronze,#49371B,dark brown
Metallic Copper,#71291D,dark red
Meteor,#D07D12,dark orange
Meteorite,#3C1F76,dark mauve
Mexican Red,#A72525,red
Mid gray,#5F5F6E,dark gray
Midnight,#011635,dark blue
Midnight Express,#000741,dark blue
Midnight Moss,#041004,dark green
Mikado,#2D2510,dark brown
Milan,#FAFFA4,light yellow
Milano Red,#B81104,red
Milk Punch,#FFF6D4,white
Millbrook,#594433,dark brown
Mimosa,#F8FDD3,light yellow
Mine Shaft,#323232,dark gray
Mineral Green,#3F5D53,dark green
Minsk,#3F307F,dark mauve
Mint Julep,#F1EEC1,light yellow
Mint Tulip,#C4F4EB,light cyan
Mirage,#161928,dark blue
Mischka,#D1D2DD,white
Mist gray,#C4C4BC,white
Mobster,#7F7589,mauve
Moccaccino,#6E1D14,dark red
Mocha,#782D19,dark red
Mojo,#C04737,dark red
Mona Lisa,#FFA194,light pink
Mondo,#4A3C30,dark brown
Mongoose,#B5A27F,light brown
Monsoon,#8A8389,gray
Montana,#291E30,dark brown
Monte Carlo,#83D0C6,light cyan
Moody Blue,#7F76D3,light mauve
Moon Glow,#FCFEDA,light yellow
Moon Mist,#DCDDCC,white
Moon Raker,#D6CEF6,light mauve
Morning Glory,#9EDEE0,light cyan
Morocco Brown,#441D00,dark brown
Mortar,#504351,dark gray
Mosque,#036A6E,dark cyan
Mountain Mist,#959396,gray
Muddy Waters,#B78E5C,brown
Muesli,#AA8B5B,brown
Mulberry,#5C0536,dark mauve
Mule Fawn,#8C472F,dark brown
Mulled Wine,#4E4562,dark mauve
Mustard,#74640D,dark yellow
My Pink,#D69188,light pink
My Sin,#FFB31F,light orange
Mystic,#E2EBED,white
Nandor,#4B5D52,dark green
Napa,#ACA494,white
Narvik,#EDF9F1,light green
Nebula,#CBDBD6,light green
Negroni,#FFE2C5,light orange
Nepal,#8EABC1,light blue
Neptune,#7CB7BB,light cyan
Nero,#140600,dark brown
Nevada,#646E75,gray
New Amber,#7B3801,dark brown
New Orleans,#F3D69D,light brown
Niagara,#06A189,dark cyan
Night Rider,#1F120F,dark brown
Night Shadz,#AA375A,dark pink
Nightclub,#660045,dark mauve
Nile Blue,#193751,dark blue
Nobel,#B7B1B1,gray
Nomad,#BAB1A2,light brown
Norway,#A8BD9F,light green
Nugget,#C59922,dark yellow
Nutmeg,#81422C,dark brown
Nutmeg Wood Finish,#683600,dark brown
Oasis,#FEEFCE,white
Observatory,#02866F,dark cyan
Ocean Green,#41AA78,green
Off Green,#E6F8F3,light green
Off Yellow,#FEF9E3,light yellow
Old Brick,#901E1E,dark red
Old Copper,#724A2F,dark brown
green Green,#242E16,dark green
green Haze,#8B8470,light brown
greentone,#716E10,dark yellow
Onahau,#CDF4FF,light cyan
Onion,#2F270E,dark brown
Opal,#A9C6C2,light cyan
Opium,#8E6F70,dark pink
Oracle,#377475,cyan
Orange Roughy,#C45719,dark cyan
Orange White,#FEFCED,light orange
Orchid White,#FFFDF3,light yellow
Orient,#015E85,dark cyan
Oriental Pink,#C69191,light pink
Orinoco,#F3FBD4,light green
Oslo gray,#878D91,gray
Ottoman,#E9F8ED,light green
Oxford Blue,#384555,dark blue
Oxley,#779E86,green
Oyster Bay,#DAFAFF,light cyan
Oyster Pink,#E9CECD,light pink
Paarl,#A65529,dark orange
Pablo,#776F61,dark brown
Pacifika,#778120,dark yellow
Padua,#ADE6C4,light green
Pale Leaf,#C0D3B9,light green
Pale Oyster,#988D77,light brown
Pale Prim,#FDFEB8,light yellow
Pale Rose,#FFE1F2,light pink
Pale Sky,#6E7783,dark gray
Pale Slate,#C3BFC1,white
Palm Green,#09230F,dark green
Palm Leaf,#19330E,dark green
Pampas,#F4F2EE,white
Panache,#EAF6EE,cyan
Pancho,#EDCDAB,light brown
Paprika,#8D0226,dark red
Paradiso,#317D82,dark cyan
Parchment,#F1E9D2,light yellow
Paris Daisy,#FFF46E,yellow
Paris M,#26056A,mauve
Paris White,#CADCD4,white
Parsley,#134F19,dark green
Patina,#639A8F,dark cyan
Pattens Blue,#DEF5FF,light cyan
Paua,#260368,mauve
Pavlova,#D7C498,light brown
Pea Soup,#CFE5D2,light green
Peach,#FFF0DB,light pink
Peanut,#782F16,dark red
Pearl Bush,#E8E0D5,white
Pearl Lusta,#FCF4DC,white
Peat,#716B56,dark gray
Pelorous,#3EABBF,cyan
Peppermint,#E3F5E1,light green
Perano,#A9BEF2,light blue
Perfume,#D0BEF8,light mauve
Periglacial Blue,#E1E6D6,white
Persian Red,#520C17,dark red
Persimmon,#FF6B53,dark red
Peru Tan,#7F3A02,dark brown
Petite Orchid,#DB9690,light pink
Pewter,#96A8A1,gray
Pharlap,#A3807B,light brown
Picasso,#FFF39D,light yellow
Pickled Bean,#6E4826,dark brown
Pine Cone,#6D5E54,dark gray
Pine Glade,#C7CD90,light green
Pine Tree,#171F04,dark green
Pink Flare,#E1C0C8,light pink
Pink Lady,#FFF1D8,light pink
Pink Swan,#BEB5B7,light pink
Piper,#C96323,dark orange
Pipi,#FEF4CC,light green
Pippin,#FFE1DF,light pink
Pirate Gold,#BA7F03,dark yellow
Pixie Green,#C0D8B6,light green
Pizazz,#FF9000,orange
Pizza,#C99415,brown
Plantation,#27504B,dark cyan
Plum,#410056,mauve
Pohutukawa,#8F021C,dark red
Polar,#E5F9F6,light cyan
Polo Blue,#8DA8CC,cyan
Porcelain,#EFF2F3,light cyan
Porsche,#EAAE69,light brown
Port Gore,#251F4F,dark blue
Portafino,#FFFFB4,yellow
Portage,#8B9FEE,light blue
Portica,#F9E663,light yellow
Pot Pourri,#F5E7E2,light pink
Potters Clay,#8C5738,brown
Powder Blue,#BCC9C2,light pink
Prairie Sand,#9A3820,brown
Prelude,#D0C0E5,light mauve
Prim,#F0E2EC,white
Primrose,#EDEA99,yellow
Provincial Pink,#FEF5F1,light pink
Pueblo,#7D2C14,dark red
Puerto Rico,#3FC1AA,green
Pumice,#C2CAC4,white
Pumpkin,#B1610B,brown
Punch,#DC4333,red
Punga,#4D3D14,dark brown
Putty,#E7CD8C,light brown
Quarter Pearl Lusta,#FFFDF4,white
Quarter Spanish White,#F7F2E1,white
Quicksand,#BD978E,dark green
Quill gray,#D6D6D1,gray
Quincy,#623F2D,dark brown
Racing Green,#0C1911,dark green
Raffia,#EADAB8,light brown
Raincloud,#7B7C94,dark gray
Rainee,#B9C8AC,light green
Rajah,#F7B668,orange
Rangitoto,#2E3222,dark yellow green
Rangoon Green,#1C1E13,dark yellow green
Raven,#727B89,dark gray
Rebel,#3C1206,dark red
Red Berry,#8E0000,red
Red Damask,#DA6A41,red
Red Oxide,#6E0902,dark red
Red Robin,#80341F,dark brown
Red Stage,#D05F04,dark orange
Reef,#C9FFA2,light green
Reef Gold,#9F821C,dark yellow
Regal Blue,#013F6A,dark blue
Regent gray,#86949F,gray
Regent St Blue,#AAD6E6,light blue
Remy,#FEEBF3,light pink
Reno Sand,#A86515,brown
Revolver,#2C1632,dark purple
Rhino,#2E3F62,dark blue
Rice Cake,#FFFEF0,white
Rice Flower,#EEFFE2,light green
Rich Gold,#A85307,dark orange
Rio Grande,#BBD009,light green
Riptide,#8BE6D8,light cyan
River Bed,#434C59,dark gray
Rob Roy,#EAC674,light yellow
Robins Egg Blue,#BDC8B3,white
Rock,#4D3833,dark brown
Rock Blue,#9EB1CD,light blue
Rock Spray,#BA450C,dark orange
Rodeo Dust,#C9B29B,light brown
Rolling Stone,#747D83,gray
Roman,#DE6360,light red
Roman Coffee,#795D4C,dark brown
Romance,#FFFEFD,white
Romantic,#FFD2B7,white
Ronchi,#ECC54E,light yellow
Roof Terracotta,#A62F20,dark brown
Rope,#8E4D1E,brown
Rose,#E7BCB4,light pink
Rose Bud,#FBB2A3,light pink
Rose Bud Cherry,#800B47,mauve
Rose of Sharon,#BF5500,dark orange
Rose White,#FFF6F5,light pink
Roti,#C6A84B,dark yellow
Rouge,#A23B6C,dark pink
Royal Heath,#AB3472,dark pink
Rum,#796989,mauve
Rum Swizzle,#F9F8E4,light yellow
Russett,#755A57,dark brown
Rustic Red,#480404,dark brown
Saddle,#4C3024,dark yellow
Saddle Brown,#583401,brown
Saffron,#F9BF58,light orange
Sage,#9EA587,gray
Sahara,#B7A214,dark yellow
Sail,#B8E0F9,light cyan
Salem,#097F4B,dark green
Salomie,#FEDB8D,mauve
Salt Box,#685E6E,mauve
Saltpan,#F1F7F2,white
Sambuca,#3A2010,dark brown
San Felix,#0B6207,dark green
San Juan,#304B6A,dark blue
San Marino,#456CAC,cyan
Sand Dune,#826F65,brown
Sandal,#AA8D6F,light brown
Sandrift,#AB917A,light brown
Sandstone,#796D62,dark gray
Sandwisp,#F5E7A2,yellow
Sandy Beach,#FFEAC8,yellow
Sanguine Brown,#8D3D38,yellow
Santa Fe,#B16D52,brown
Santas gray,#9FA0B1,light blue
Sapling,#DED4A4,light yellow
Sapphire,#2F519E,blue
Saratoga,#555B10,dark green
Sauvignon,#FFF5F3,light pink
Sazerac,#FFF4E0,light yellow
Scampi,#675FA6,mauve
Scandal,#CFFAF4,light cyan
Scarlet Gum,#431560,mauve
Scarlett,#950015,dark red
Scarpa Flow,#585562,dark gray
Schist,#A9B497,white
Schooner,#8B847E,gray
Scooter,#2EBFD4,light cyan
Scorpion,#695F62,dark gray
Scotch Mist,#FFFBDC,light yellow
Sea Buckthorn,#FBA129,dark orange
Sea Green,#095859,dark green
Sea Mist,#C5DBCA,white
Sea Nymph,#78A39C,dark gray
Sea Pink,#ED989E,light pink
Seagull,#80CCEA,light blue
Seance,#731E8F,mauve
Seashell,#F1F1F1,white
Seaweed,#1B2F11,dark green
Selago,#F0EEFD,light blue
Sepia,#2B0202,dark red
Serenade,#FFF4E8,light pink
Shadow Green,#9AC2B8,light green
Shady Lady,#AAA5A9,gray
Shakespeare,#4EABD1,light cyan
Shalimar,#FBFFBA,light yellow
Shark,#25272C,dark gray
Sherpa Blue,#004950,dark cyan
Sherwood Green,#02402C,dark green
Shilo,#E8B9B3,light pink
Shingle Fawn,#6B4E31,brown
Ship Cove,#788BBA,light blue
Ship gray,#3E3A44,dark gray
Shiraz,#B20931,dark pink
Shocking,#E292C0,pink
Shuttle gray,#5F6672,gray
Siam,#646A54,dark gray
Sidecar,#F3E7BB,yellow
Silk,#BDB1A8,white
Silver Tree,#66B58F,light green
Sinbad,#9FD7D3,light cyan
Siren,#7A013A,dark pink
Sirocco,#718080,gray
Sisal,#D3CBBA,white
Skeptic,#CAE6DA,light cyan
Smalt Blue,#51808F,light blue
Smoky,#605B73,dark gray
Snow Drift,#F7FAF7,white
Snow Flurry,#E4FFD1,light green
Snowy Mint,#D6FFDB,light green
Snuff,#E2D8ED,white
Soapstone,#FFFBF9,white
Soft Amber,#D1C6B4,white
Soft Peach,#F5EDEF,light pink
Solitaire,#FEF8E2,yellow
Solitude,#EAF6FF,light cyan
Sorbus,#FD7C07,dark orange
Sorrell Brown,#CEB98F,light brown
Soya Bean,#6A6051,dark gray
Spanish Green,#819885,gray
Spectra,#2F5A57,dark cyan
Spice,#6A442E,dark brown
Spicy Mix,#885342,dark brown
Spicy Pink,#816E71,gray
Spindle,#B6D1EA,light cyan
Spray,#79DEEC,light cyan
Spring Green,#578363,dark green
Spring Rain,#ACCBB1,light green
Spring Sun,#F6FFDC,light yellow
Spring Wood,#F8F6F1,light yellow
Sprout,#C1D7B0,light green
Spun Pearl,#AAABB7,gray
Squirrel,#8F8176,dark brown
St Tropaz,#2D569B,dark cyan
Stack,#8A8F8A,gray
Star Dust,#9F9F9C,gray
Stark White,#E5D7BD,light brown
Starship,#ECF245,light yellow
Steel gray,#262335,dark blue
Stiletto,#9C3336,dark red
Stonewall,#928573,dark brown
Storm Dust,#646463,dark gray
Storm gray,#717486,gray
Straw,#D4BF8D,light brown
Strikemaster,#956387,mauve
Stromboli,#325D52,mauve
Studio,#714AB2,dark green
Submarine,#BAC7C9,light blue
Sugar Cane,#F9FFF6,light green
Sulu,#C1F07C,light green
Summer Green,#96BBAB,light green
Sun,#FBAC13,dark orange
Sundance,#C9B35B,light brown
Sundown,#FFB1B3,yellow
Sunflower,#E4D422,light yellow
Sunglo,#E16865,dark pink
Sunshade,#FF9E2C,dark orange
Supernova,#FFC901,yellow
Surf,#BBD7C1,white
Surfie Green,#0C7A79,dark cyan
Sushi,#87AB39,yellow green
Suva gray,#888387,dark gray
Swamp,#001B1C,dark cyan
Swans Down,#DCF0EA,light cyan
Sweet Corn,#FBEA8C,light yellow
Sweet Pink,#FD9FA2,light pink
Swirl,#D3CDC5,white
Swiss Coffee,#DDD6D5,white
Tacao,#EDB381,light brown
Tacha,#D6C562,light brown
Tahiti Gold,#E97C07,dark orange
Tahuna Sands,#EEF0C8,white
Tall Poppy,#B32D29,red
Tamarillo,#991613,dark red
Tana,#D9DCC1,white
Tangaroa,#03163C,dark blue
Tango,#ED7A1C,orange
Tapa,#7B7874,gray
Tapestry,#B05E81,pink
Tara,#E1F6E8,light cyan
Tarawera,#073A50,dark cyan
Tasman,#CFDCCF,dark blue
Taupe gray,#B3AF95,white
Tawny Port,#692545,mauve
Te Papa Green,#1E433C,dark green
Tea,#C1BAB0,gray
Teak,#B19461,light brown
Teal Blue,#044259,dark cyan
Temptress,#3B000B,dark red
Tequila,#FFE6C7,light pink
Texas,#F8F99C,light yellow
Texas Rose,#FFB555,orange
Thatch,#B69D98,pink
Thatch Green,#403D19,dark brown
Thistle,#CCCAA8,white
Thunder,#33292F,dark mauve
Thunderbird,#C02B18,dark orange
Tia Maria,#C1440E,dark orange
Tiara,#C3D1D1,white
Tiber,#063537,dark green
Tidal,#F1FFAD,light yellow
Tide,#BFB8B0,gray
Timber Green,#16322C,dark green
Titan White,#F0EEFF,light blue
Toast,#9A6E61,light brown
Tobacco Brown,#715D47,dark brown
Toledo,#3A0020,dark mauve
Tolopea,#1B0245,dark blue
Tom Thumb,#3F583B,dark green
Tonys Pink,#E79F8C,light pink
Topaz,#7C778A,gray
Torea Bay,#0F2D9E,light blue
Tory Blue,#1450AA,dark cyan
Tosca,#8D3F3F,dark red
Tower gray,#A9BDBF,white
Tradewind,#5FB3AC,cyan
Tranquil,#E6FFFF,light cyan
Travertine,#FFFDE8,white
Tree Poppy,#FC9C1D,dark orange
Treehouse,#3B2820,dark brown
Trendy Green,#7C881A,dark yellow green
Trendy Pink,#8C6495,pink
Trinidad,#E64E03,dark orange
Tropical Blue,#C3DDF9,light cyan
Trout,#4A4E5A,dark gray
True V,#8A73D6,light mauve
Tuatara,#363534,dark gray
Tuft Bush,#FFDDCD,white
Tulip Tree,#EAB33B,dark yellow
Tumbleweed,#37290E,dark brown
Tuna,#353542,dark gray
Tundora,#4A4244,dark gray
Turbo,#FAE600,light yellow
Turmeric,#CABB48,dark yellow
Turtle Green,#2A380B,dark yellow
Tuscany,#BD5E2E,orange
Tusk,#EEF3C3,light yellow
Tussock,#C5994B,brown
Tutu,#FFF1F9,white
Twilight,#E4CFDE,white
Twilight Blue,#EEFDFF,light cyan
Twine,#C2955D,brown
Valencia,#D84437,red
Valentino,#350E42,dark mauve
Valhalla,#2B194F,mauve
Van Cleef,#49170C,dark brown
Vanilla Ice,#F3D9DF,white
Varden,#FFF6DF,white
Venetian Red,#72010F,dark red
Venice Blue,#055989,dark cyan
Venus,#928590,mauve
Verdigris,#5D5E37,dark yellow
Verdun Green,#495400,yellow green
Vesuvius,#B14A0B,dark brown
Victoria,#534491,mauve
Vida Loca,#549019,dark purple
Viking,#64CCDB,light cyan
Vin Rouge,#983D61,light blue
Viola,#CB8FA9,light pink
Violent Violet,#290C5E,dark blue
Violet,#240A40,dark blue
Viridian Green,#678975,dark gray
Vis Vis,#FFEFA1,light yellow
Vista Blue,#8FD6B4,light green
Vista White,#FCF8F7,white
Voodoo,#533455,dark mauve
Vulcan,#10121D,dark blue
Wafer,#DECBC6,light pink
Waikawa gray,#5A6E9C,blue
Waiouru,#363C0D,dark yellow
Wasabi,#788A25,darkyellow
Water Leaf,#A1E9DE,light cyan
Watercourse,#056F57,dark green
Wattle,#DCD747,yellow
Watusi,#FFDDCF,light pink
Wax Flower,#FFC0A8,light pink
We Peep,#F7DBE6,light pink
Wedgewood,#4E7F9E,cyan
Well Read,#B43332,red
West Coast,#625119,dark gray
West Side,#FF910F,orange
Westar,#DCD9D2,gray
Wewak,#F19BAB,pink
Wheatfield,#F3EDCF,white
Whiskey,#D59A6F,light brown
Whisper,#F7F5FA,light blue
White Ice,#DDF9F1,light cyan
White Lilac,#F8F7FC,light cyan
White Linen,#F8F0E8,white
White Pointer,#FEF8FF,white
White Rock,#EAE8D4,white
Wild Rice,#ECE090,light brown
Wild Sand,#F4F4F4,white
Wild Willow,#B9C46A,yellow green
William,#3A686C,dark cyan
Willow Brook,#DFECDA,white
Willow Grove,#65745D,dark gray
Windsor,#3C0878,mauve
Wine Berry,#591D35,dark pink
Winter Hazel,#D5D195,light brown
Wisp Pink,#FEF4F8,light pink
Wistful,#A4A6D3,light blue
Woodland,#4D5328,dark yellow green
Woodrush,#302A0F,dark brown
Woodsmoke,#0C0D0F,black
Woody Brown,#483131,dark mauve
Yellow Metal,#716338,brown
Yellow Sea,#FEA904,light orange
Your Pink,#FFC3C0,light pink
Yukon Gold,#7B6608,dark yellow
Yuma,#CEC291,light brown
Zambezi,#685558,mauve
Zanah,#DAECD6,light green
Zest,#E5841B,dark orange
Zeus,#292319,dark brown
Ziggurat,#BFDBE2,light blue
Zircon,#F4F8FF,light cyan
Zombie,#E4D69B,light brown
Zorba,#A59B91,gray
Zuccini,#044022,dark green
Zumthor,#EDF6FF,light cyan
